,Date,MinTemp,MaxTemp,Rainfall
0,2008-12-01,13.4,22.9,0.6
1,2008-12-02,7.4,25.1,0.0
2,2008-12-03,12.9,25.7,0.0
3,2008-12-04,9.2,28.0,0.0
4,2008-12-05,17.5,32.3,1.0
5,2008-12-06,14.6,29.7,0.2
6,2008-12-07,14.3,25.0,0.0
7,2008-12-08,7.7,26.7,0.0
8,2008-12-09,9.7,31.9,0.0
9,2008-12-10,13.1,30.1,1.4
10,2008-12-11,13.4,30.4,0.0
11,2008-12-12,15.9,21.7,2.2
12,2008-12-13,15.9,18.6,15.6
13,2008-12-14,12.6,21.0,3.6
14,2008-12-15,8.4,24.6,0.0
15,2008-12-16,9.8,27.7,
16,2008-12-17,14.1,20.9,0.0
17,2008-12-18,13.5,22.9,16.8
18,2008-12-19,11.2,22.5,10.6
19,2008-12-20,9.8,25.6,0.0
20,2008-12-21,11.5,29.3,0.0
21,2008-12-22,17.1,33.0,0.0
22,2008-12-23,20.5,31.8,0.0
23,2008-12-24,15.3,30.9,0.0
24,2008-12-25,12.6,32.4,0.0
25,2008-12-26,16.2,33.9,0.0
26,2008-12-27,16.9,33.0,0.0
27,2008-12-28,20.1,32.7,0.0
28,2008-12-29,19.7,27.2,0.0
29,2008-12-30,12.5,24.2,1.2
30,2008-12-31,12.0,24.4,0.8
31,2009-01-01,11.3,26.5,0.0
32,2009-01-02,9.6,23.9,0.0
33,2009-01-03,10.5,28.8,0.0
34,2009-01-04,12.3,34.6,0.0
35,2009-01-05,12.9,35.8,0.0
36,2009-01-06,13.7,37.9,0.0
37,2009-01-07,16.1,38.9,0.0
38,2009-01-08,14.0,28.3,0.0
39,2009-01-09,12.5,28.4,0.0
40,2009-01-10,17.0,30.8,0.0
41,2009-01-11,16.9,32.0,0.0
42,2009-01-12,17.3,34.7,0.0
43,2009-01-13,17.2,37.7,0.0
44,2009-01-14,17.4,43.0,0.0
45,2009-01-15,19.8,32.7,0.0
46,2009-01-16,14.9,26.7,0.0
47,2009-01-17,10.5,28.4,0.0
48,2009-01-18,11.3,32.2,0.0
49,2009-01-19,13.9,36.6,0.0
50,2009-01-20,18.6,39.9,0.0
51,2009-01-21,19.3,38.1,0.8
52,2009-01-22,24.4,34.0,0.6
53,2009-01-23,18.8,35.2,6.4
54,2009-01-24,20.8,30.6,0.0
55,2009-01-25,14.0,34.3,0.0
56,2009-01-26,15.7,38.4,0.0
57,2009-01-27,18.5,38.2,0.0
58,2009-01-28,20.4,40.7,0.0
59,2009-01-29,21.8,41.5,0.0
60,2009-01-30,22.3,42.9,0.0
61,2009-01-31,22.0,42.7,0.0
62,2009-02-01,28.0,43.1,0.0
63,2009-02-02,24.4,38.3,0.2
64,2009-02-03,21.5,37.7,0.0
65,2009-02-04,21.7,36.9,0.0
66,2009-02-05,21.5,41.2,0.0
67,2009-02-06,23.5,42.2,0.0
68,2009-02-07,22.3,44.8,0.0
69,2009-02-08,28.3,40.2,0.0
70,2009-02-09,18.4,31.2,0.4
71,2009-02-10,14.9,27.3,0.0
72,2009-02-11,13.5,26.7,0.0
73,2009-02-12,16.1,21.6,0.0
74,2009-02-13,14.6,29.0,3.0
75,2009-02-14,12.4,29.2,0.0
76,2009-02-15,13.3,31.3,0.0
77,2009-02-16,17.2,31.1,0.0
78,2009-02-17,12.5,28.8,0.0
79,2009-02-18,18.0,32.0,0.0
80,2009-02-19,16.2,34.0,0.0
81,2009-02-20,18.7,29.1,0.0
82,2009-02-21,13.7,31.7,0.0
83,2009-02-22,15.5,33.2,0.0
84,2009-02-23,14.3,34.0,0.0
85,2009-02-24,12.9,29.6,0.0
86,2009-02-25,8.9,31.9,0.0
87,2009-02-26,15.0,32.7,0.0
88,2009-02-27,15.4,32.6,0.0
89,2009-02-28,16.0,34.5,0.0
90,2009-03-01,12.8,30.3,0.0
91,2009-03-02,13.2,31.9,0.0
92,2009-03-03,18.0,31.1,0.0
93,2009-03-04,13.8,22.1,0.2
94,2009-03-05,11.5,22.0,0.0
95,2009-03-06,7.6,24.0,0.0
96,2009-03-07,8.3,27.9,0.0
97,2009-03-08,11.0,30.2,0.0
98,2009-03-09,13.8,31.8,0.0
99,2009-03-10,15.5,32.0,0.0
100,2009-03-11,18.4,30.5,1.2
101,2009-03-12,20.9,25.7,0.0
102,2009-03-13,17.1,25.8,5.8
103,2009-03-14,16.4,27.0,3.0
104,2009-03-15,10.0,19.7,11.6
105,2009-03-16,8.8,21.9,0.0
106,2009-03-17,8.4,25.3,0.0
107,2009-03-18,9.3,28.0,0.0
108,2009-03-19,11.3,30.1,0.0
109,2009-03-20,11.5,33.5,0.0
110,2009-03-21,13.8,33.6,0.0
111,2009-03-22,14.6,30.0,0.0
112,2009-03-23,14.4,31.6,0.0
113,2009-03-24,10.8,31.9,0.0
114,2009-03-25,15.4,22.3,0.4
115,2009-03-26,13.3,29.8,1.8
116,2009-03-27,10.1,27.6,0.0
117,2009-03-28,9.1,28.9,0.0
118,2009-03-29,10.4,31.2,0.0
119,2009-03-30,13.4,30.4,0.0
120,2009-03-31,12.3,29.9,0.0
121,2009-04-01,12.2,30.6,0.0
122,2009-04-02,14.3,32.1,0.0
123,2009-04-03,18.4,28.1,8.6
124,2009-04-04,10.7,21.4,12.6
125,2009-04-05,7.8,21.7,0.0
126,2009-04-06,8.1,21.4,0.0
127,2009-04-07,7.5,22.5,0.0
128,2009-04-08,8.2,24.0,0.0
129,2009-04-09,8.1,25.7,0.0
130,2009-04-10,11.6,26.7,0.0
131,2009-04-11,13.0,24.9,8.4
132,2009-04-12,13.5,24.2,6.2
133,2009-04-13,9.9,25.4,0.0
134,2009-04-14,12.2,25.0,0.0
135,2009-04-15,10.7,21.9,0.0
136,2009-04-16,3.5,20.0,0.0
137,2009-04-17,6.6,21.6,0.0
138,2009-04-18,7.0,23.4,0.0
139,2009-04-19,11.2,23.9,0.0
140,2009-04-20,7.4,22.0,0.0
141,2009-04-21,5.7,21.4,0.0
142,2009-04-22,6.2,22.7,0.0
143,2009-04-23,6.0,22.9,0.0
144,2009-04-24,10.6,16.2,0.0
145,2009-04-25,12.9,15.8,20.0
146,2009-04-26,8.6,12.9,21.0
147,2009-04-27,4.5,11.5,3.2
148,2009-04-28,7.6,14.5,4.8
149,2009-04-29,5.4,12.2,0.0
150,2009-04-30,2.1,16.5,0.0
151,2009-05-01,1.8,17.0,0.0
152,2009-05-02,7.2,19.2,0.0
153,2009-05-03,4.6,18.9,0.0
154,2009-05-04,4.2,19.1,0.0
155,2009-05-05,5.2,18.8,0.0
156,2009-05-06,4.1,19.3,0.0
157,2009-05-07,3.2,18.4,0.0
158,2009-05-08,4.3,19.0,0.0
159,2009-05-09,3.7,20.5,0.0
160,2009-05-10,5.4,19.5,0.0
161,2009-05-11,4.3,17.7,0.0
162,2009-05-12,3.6,18.5,0.0
163,2009-05-13,3.6,15.1,0.0
164,2009-05-14,6.9,16.3,0.0
165,2009-05-15,10.3,16.6,0.0
166,2009-05-16,12.4,16.4,1.8
167,2009-05-17,3.0,15.6,0.0
168,2009-05-18,2.6,19.7,0.0
169,2009-05-19,3.7,19.1,0.0
170,2009-05-20,5.1,18.6,0.0
171,2009-05-21,4.4,19.8,0.0
172,2009-05-22,4.7,19.8,0.0
173,2009-05-23,6.2,22.9,0.0
174,2009-05-24,6.7,21.1,0.0
175,2009-05-25,9.3,20.3,0.0
176,2009-05-26,11.6,18.1,4.2
177,2009-05-27,8.0,16.2,0.8
178,2009-05-28,2.6,15.7,0.0
179,2009-05-29,2.2,16.5,0.0
180,2009-05-30,2.2,16.8,0.0
181,2009-05-31,1.7,17.1,0.0
182,2009-06-01,8.0,14.3,1.2
183,2009-06-02,8.4,13.4,1.4
184,2009-06-03,10.6,14.3,4.8
185,2009-06-04,8.9,17.4,8.0
186,2009-06-05,2.8,16.1,0.0
187,2009-06-06,1.7,10.5,0.2
188,2009-06-07,4.7,11.6,14.4
189,2009-06-08,9.0,12.0,4.6
190,2009-06-09,6.3,8.8,2.0
191,2009-06-10,3.0,10.5,5.6
192,2009-06-11,-2.0,9.6,0.0
193,2009-06-12,-1.3,8.2,0.0
194,2009-06-13,1.8,12.4,0.0
195,2009-06-14,2.0,15.8,0.0
196,2009-06-15,0.5,14.9,0.4
197,2009-06-16,1.2,17.7,0.0
198,2009-06-17,0.6,15.9,0.0
199,2009-06-18,0.5,14.7,0.0
200,2009-06-19,0.5,15.3,0.0
201,2009-06-20,0.9,17.3,0.0
202,2009-06-21,7.0,17.0,1.6
203,2009-06-22,5.0,14.9,5.6
204,2009-06-23,3.9,15.5,0.0
205,2009-06-24,7.7,14.1,6.0
206,2009-06-25,4.7,12.2,0.0
207,2009-06-26,6.9,13.7,4.4
208,2009-06-27,8.4,11.9,0.0
209,2009-06-28,9.3,12.3,5.4
210,2009-06-29,8.2,15.7,3.6
211,2009-06-30,9.1,16.1,2.0
212,2009-07-01,8.3,13.3,8.4
213,2009-07-02,8.8,11.6,5.0
214,2009-07-03,7.6,12.0,7.8
215,2009-07-04,5.7,13.2,0.0
216,2009-07-05,3.4,12.4,0.0
217,2009-07-06,0.0,12.1,0.0
218,2009-07-07,-1.5,12.5,0.0
219,2009-07-08,-1.7,13.8,0.0
220,2009-07-09,-0.4,15.0,0.2
221,2009-07-10,0.1,13.5,0.0
222,2009-07-11,4.8,13.3,0.6
223,2009-07-12,8.1,16.5,0.6
224,2009-07-13,5.9,13.1,1.0
225,2009-07-14,6.9,11.0,6.8
226,2009-07-15,2.9,12.6,1.8
227,2009-07-16,-0.6,13.4,0.0
228,2009-07-17,-0.3,14.4,0.2
229,2009-07-18,-1.0,12.0,0.0
230,2009-07-19,3.2,14.1,0.6
231,2009-07-20,3.6,16.5,0.2
232,2009-07-21,0.8,17.7,0.0
233,2009-07-22,6.6,12.3,0.0
234,2009-07-23,6.0,13.5,9.8
235,2009-07-24,-0.1,12.9,0.0
236,2009-07-25,-0.3,12.2,0.0
237,2009-07-26,2.1,9.8,0.0
238,2009-07-27,1.3,8.8,0.0
239,2009-07-28,4.2,12.7,3.8
240,2009-07-29,8.3,13.2,2.4
241,2009-07-30,3.3,12.1,0.2
242,2009-07-31,6.5,14.5,5.2
243,2009-08-01,7.4,13.9,0.2
244,2009-08-02,7.5,14.1,0.8
245,2009-08-03,8.3,13.8,0.8
246,2009-08-04,3.2,14.7,0.0
247,2009-08-05,5.7,13.8,5.4
248,2009-08-06,5.1,17.1,0.4
249,2009-08-07,8.0,13.9,0.8
250,2009-08-08,-0.8,12.9,4.2
251,2009-08-09,-1.0,12.2,0.0
252,2009-08-10,1.9,14.8,0.2
253,2009-08-11,5.9,17.7,0.4
254,2009-08-12,6.9,14.3,4.8
255,2009-08-13,7.7,11.6,0.2
256,2009-08-14,6.8,15.2,1.2
257,2009-08-15,2.7,17.5,0.2
258,2009-08-16,5.1,15.5,1.6
259,2009-08-17,4.2,13.6,3.2
260,2009-08-18,0.6,15.6,0.0
261,2009-08-19,1.6,16.4,0.0
262,2009-08-20,5.5,18.4,0.0
263,2009-08-21,7.3,14.8,1.0
264,2009-08-22,0.2,14.1,6.6
265,2009-08-23,5.8,18.9,3.8
266,2009-08-24,8.9,17.1,1.2
267,2009-08-25,7.1,12.8,2.0
268,2009-08-26,4.2,14.4,3.6
269,2009-08-27,1.1,16.7,0.4
270,2009-08-28,1.1,18.6,0.0
271,2009-08-29,7.2,17.9,4.2
272,2009-08-30,6.3,11.1,13.4
273,2009-08-31,6.7,14.2,1.4
274,2009-09-01,5.1,14.2,3.0
275,2009-09-02,1.0,16.8,0.0
276,2009-09-03,6.1,20.7,0.0
277,2009-09-04,6.3,16.9,1.4
278,2009-09-05,2.1,15.0,0.0
279,2009-09-06,1.6,16.6,0.0
280,2009-09-07,8.3,17.6,0.0
281,2009-09-08,5.7,16.5,0.0
282,2009-09-09,7.5,14.3,0.0
283,2009-09-10,2.6,,0.0
284,2009-09-11,,18.8,
285,2009-09-12,6.5,24.7,0.0
286,2009-09-13,13.2,25.1,0.0
287,2009-09-14,4.3,17.8,0.0
288,2009-09-15,1.6,17.2,0.0
289,2009-09-16,2.8,21.1,0.0
290,2009-09-17,6.3,19.0,0.0
291,2009-09-18,7.4,20.4,10.2
292,2009-09-19,5.4,20.6,0.0
293,2009-09-20,8.0,18.9,0.4
294,2009-09-21,3.7,19.0,0.2
295,2009-09-22,11.5,20.2,8.4
296,2009-09-23,9.3,16.8,28.8
297,2009-09-24,8.2,18.2,1.4
298,2009-09-25,5.3,20.6,0.0
299,2009-09-26,6.8,12.2,6.0
300,2009-09-27,4.5,12.9,1.6
301,2009-09-28,5.5,17.9,0.0
302,2009-09-29,1.7,17.0,0.0
303,2009-09-30,4.0,21.4,0.0
304,2009-10-01,8.9,21.1,0.0
305,2009-10-02,11.7,22.0,0.0
306,2009-10-03,8.5,13.5,3.2
307,2009-10-04,9.6,16.2,1.8
308,2009-10-05,8.3,19.7,0.2
309,2009-10-06,5.2,16.2,0.0
310,2009-10-07,3.8,15.9,3.6
311,2009-10-08,1.2,16.3,0.0
312,2009-10-09,3.2,18.2,0.0
313,2009-10-10,4.6,19.0,0.0
314,2009-10-11,6.4,18.7,0.0
315,2009-10-12,5.8,23.3,0.0
316,2009-10-13,6.6,17.7,2.0
317,2009-10-14,9.5,15.1,7.0
318,2009-10-15,9.7,15.7,1.4
319,2009-10-16,4.1,16.6,6.8
320,2009-10-17,4.6,19.2,0.0
321,2009-10-18,5.1,20.3,0.0
322,2009-10-19,5.1,22.7,0.0
323,2009-10-20,6.9,26.6,0.0
324,2009-10-21,8.8,27.1,0.0
325,2009-10-22,9.1,27.1,0.0
326,2009-10-23,8.1,23.9,0.0
327,2009-10-24,7.4,25.4,0.0
328,2009-10-25,10.6,23.1,0.0
329,2009-10-26,10.8,22.0,0.0
330,2009-10-27,5.9,24.1,0.0
331,2009-10-28,11.3,26.8,0.0
332,2009-10-29,14.5,26.9,0.0
333,2009-10-30,13.7,29.1,0.0
334,2009-10-31,15.6,30.8,0.0
335,2009-11-01,17.8,34.0,0.0
336,2009-11-02,18.7,32.4,0.0
337,2009-11-03,18.7,24.3,0.0
338,2009-11-04,10.0,23.2,0.0
339,2009-11-05,6.6,25.3,0.0
340,2009-11-06,10.8,27.9,0.0
341,2009-11-07,11.3,29.8,0.0
342,2009-11-08,13.5,31.8,0.0
343,2009-11-09,15.4,33.4,0.0
344,2009-11-10,15.9,35.2,0.0
345,2009-11-11,17.1,36.0,0.0
346,2009-11-12,16.7,35.1,0.0
347,2009-11-13,18.1,32.8,0.0
348,2009-11-14,13.4,35.4,0.0
349,2009-11-15,17.2,36.3,0.0
350,2009-11-16,15.3,35.1,0.0
351,2009-11-17,12.1,30.5,0.0
352,2009-11-18,11.4,33.5,0.0
353,2009-11-19,18.6,39.7,0.0
354,2009-11-20,15.3,38.2,0.0
355,2009-11-21,19.3,21.0,10.6
356,2009-11-22,18.3,28.3,25.8
357,2009-11-23,11.9,23.6,0.4
358,2009-11-24,12.8,25.8,0.0
359,2009-11-25,17.2,32.9,0.0
360,2009-11-26,21.0,34.5,0.0
361,2009-11-27,15.9,26.2,10.2
362,2009-11-28,17.1,26.4,0.0
363,2009-11-29,12.8,22.3,9.4
364,2009-11-30,13.2,23.9,2.4
365,2009-12-01,12.3,23.6,0.0
366,2009-12-02,10.6,27.0,0.0
367,2009-12-03,11.4,31.5,0.0
368,2009-12-04,12.3,27.5,0.0
369,2009-12-05,10.7,26.7,0.0
370,2009-12-06,11.1,30.7,0.0
371,2009-12-07,13.4,31.9,0.0
372,2009-12-08,18.2,24.9,0.0
373,2009-12-09,9.2,25.4,1.2
374,2009-12-10,14.2,27.4,0.0
375,2009-12-11,9.2,22.6,1.0
376,2009-12-12,9.0,26.5,0.0
377,2009-12-13,11.8,29.6,0.0
378,2009-12-14,13.6,32.0,0.0
379,2009-12-15,13.1,34.7,0.0
380,2009-12-16,14.6,38.6,0.0
381,2009-12-17,14.5,40.3,0.0
382,2009-12-18,12.2,26.4,3.0
383,2009-12-19,11.1,29.2,0.0
384,2009-12-20,12.0,31.3,0.0
385,2009-12-21,12.7,33.7,0.0
386,2009-12-22,15.1,36.6,0.0
387,2009-12-23,18.1,38.2,0.0
388,2009-12-24,22.9,34.6,0.0
389,2009-12-25,18.8,28.3,9.8
390,2009-12-26,17.1,31.3,0.0
391,2009-12-27,17.6,27.3,0.0
392,2009-12-28,17.8,35.9,0.0
393,2009-12-29,18.7,35.9,0.0
394,2009-12-30,19.8,36.8,0.0
395,2009-12-31,21.1,33.2,0.0
396,2010-01-01,19.4,31.9,5.0
397,2010-01-02,18.6,29.1,12.4
398,2010-01-03,12.2,29.7,0.0
399,2010-01-04,14.8,32.8,0.0
400,2010-01-05,15.0,35.8,0.0
401,2010-01-06,16.3,33.8,0.0
402,2010-01-07,15.0,33.0,0.0
403,2010-01-08,17.4,36.4,0.0
404,2010-01-09,19.6,39.8,0.0
405,2010-01-10,20.6,42.2,0.0
406,2010-01-11,21.0,42.2,0.0
407,2010-01-12,24.5,42.4,0.2
408,2010-01-13,22.6,28.4,0.4
409,2010-01-14,15.7,31.7,3.0
410,2010-01-15,17.2,36.3,0.0
411,2010-01-16,21.8,36.6,0.0
412,2010-01-17,16.8,25.6,0.0
413,2010-01-18,10.5,22.6,0.0
414,2010-01-19,8.7,25.2,0.0
415,2010-01-20,11.0,32.9,0.0
416,2010-01-21,15.4,37.3,0.0
417,2010-01-22,19.2,41.8,0.0
418,2010-01-23,24.7,35.4,0.0
419,2010-01-24,14.4,33.7,0.0
420,2010-01-25,14.3,35.8,0.0
421,2010-01-26,15.1,35.9,0.0
422,2010-01-27,17.7,36.4,0.0
423,2010-01-28,15.2,34.4,0.0
424,2010-01-29,16.0,35.2,0.0
425,2010-01-30,18.9,36.5,0.0
426,2010-01-31,21.7,36.3,0.0
427,2010-02-01,21.0,38.2,0.0
428,2010-02-02,17.8,34.3,8.6
429,2010-02-03,17.9,35.6,0.0
430,2010-02-04,23.5,32.0,0.0
431,2010-02-05,19.2,26.1,52.2
432,2010-02-06,19.5,30.3,5.6
433,2010-02-07,20.3,33.9,0.0
434,2010-02-08,23.0,34.0,0.0
435,2010-02-09,22.1,35.1,0.0
436,2010-02-10,21.7,35.6,
437,2010-02-11,21.5,35.0,0.0
438,2010-02-12,22.5,29.1,
439,2010-02-13,20.8,27.1,0.0
440,2010-02-14,20.5,30.3,0.0
441,2010-02-15,17.8,26.8,0.0
442,2010-02-16,17.6,29.0,0.0
443,2010-02-17,15.5,30.6,0.0
444,2010-02-18,,31.2,
445,2010-02-19,16.4,30.3,0.0
446,2010-02-20,15.7,31.8,0.0
447,2010-02-21,19.6,34.7,0.6
448,2010-02-22,20.2,26.4,3.6
449,2010-02-23,12.5,26.1,0.2
450,2010-02-24,12.8,28.5,0.0
451,2010-02-25,15.0,31.0,0.0
452,2010-02-26,17.2,,0.0
453,2010-02-27,,26.3,
454,2010-02-28,18.2,29.3,1.4
455,2010-03-01,14.4,,0.0
456,2010-03-02,11.2,28.5,
457,2010-03-03,12.5,31.2,0.0
458,2010-03-04,15.1,,0.0
459,2010-03-05,,22.3,0.0
460,2010-03-06,18.8,30.3,20.6
461,2010-03-07,18.3,22.9,5.8
462,2010-03-08,18.1,25.5,66.0
463,2010-03-09,15.7,22.4,6.2
464,2010-03-10,8.8,,0.0
465,2010-03-11,12.3,24.4,
466,2010-03-12,10.6,25.0,0.0
467,2010-03-13,11.5,25.7,0.0
468,2010-03-14,12.2,26.3,0.0
469,2010-03-15,13.2,26.6,0.0
470,2010-03-16,12.5,28.6,0.0
471,2010-03-17,13.3,29.6,0.0
472,2010-03-18,15.1,30.4,0.0
473,2010-03-19,14.9,31.4,0.0
474,2010-03-20,16.7,31.9,0.0
475,2010-03-21,16.8,25.6,0.0
476,2010-03-22,9.1,25.3,0.0
477,2010-03-23,8.3,27.0,0.0
478,2010-03-24,10.5,28.8,0.0
479,2010-03-25,11.6,29.6,0.0
480,2010-03-26,12.6,30.0,0.0
481,2010-03-27,15.6,30.2,0.0
482,2010-03-28,17.2,28.7,0.0
483,2010-03-29,18.2,26.3,11.0
484,2010-03-30,16.5,26.9,0.4
485,2010-03-31,13.4,26.1,0.0
486,2010-04-01,11.6,25.8,0.0
487,2010-04-02,10.0,25.1,0.0
488,2010-04-03,12.4,24.8,0.0
489,2010-04-04,12.5,24.8,0.0
490,2010-04-05,10.3,25.3,0.0
491,2010-04-06,10.6,24.7,0.0
492,2010-04-07,15.7,23.4,3.0
493,2010-04-08,13.5,23.1,3.2
494,2010-04-09,10.1,21.9,0.0
495,2010-04-10,14.1,18.6,0.2
496,2010-04-11,14.2,18.7,7.0
497,2010-04-12,5.6,17.4,0.0
498,2010-04-13,4.6,19.9,0.0
499,2010-04-14,5.1,21.9,0.0
500,2010-04-15,6.1,23.5,0.0
501,2010-04-16,7.7,24.7,0.0
502,2010-04-17,8.5,25.4,0.0
503,2010-04-18,10.1,25.1,0.0
504,2010-04-19,11.2,25.9,0.0
505,2010-04-20,11.8,25.2,0.0
506,2010-04-21,12.3,27.5,0.0
507,2010-04-22,11.4,27.3,0.0
508,2010-04-23,11.3,29.0,0.0
509,2010-04-24,15.4,19.8,3.6
510,2010-04-25,10.8,18.5,17.0
511,2010-04-26,5.1,17.9,0.0
512,2010-04-27,7.1,16.1,0.0
513,2010-04-28,9.7,17.3,1.6
514,2010-04-29,10.5,17.7,0.4
515,2010-04-30,5.6,19.1,0.0
516,2010-05-01,5.9,21.1,0.2
517,2010-05-02,4.8,20.7,0.0
518,2010-05-03,6.8,23.0,0.0
519,2010-05-04,8.0,25.3,0.2
520,2010-05-05,8.9,14.5,3.0
521,2010-05-06,7.1,15.3,0.0
522,2010-05-07,5.7,17.5,0.0
523,2010-05-08,9.6,19.3,0.0
524,2010-05-09,5.7,19.5,0.0
525,2010-05-10,5.0,19.8,0.0
526,2010-05-11,3.0,15.6,0.0
527,2010-05-12,1.3,14.9,0.0
528,2010-05-13,1.0,17.1,0.0
529,2010-05-14,3.1,17.7,0.2
530,2010-05-15,2.2,18.4,0.0
531,2010-05-16,1.7,17.5,0.0
532,2010-05-17,4.5,17.0,0.0
533,2010-05-18,1.6,19.7,0.0
534,2010-05-19,1.4,18.5,0.0
535,2010-05-20,2.1,16.5,0.0
536,2010-05-21,1.7,17.9,0.0
537,2010-05-22,1.1,17.1,0.0
538,2010-05-23,0.9,18.1,0.0
539,2010-05-24,5.2,16.3,0.0
540,2010-05-25,10.2,14.9,10.4
541,2010-05-26,8.4,19.0,13.4
542,2010-05-27,5.7,16.6,0.2
543,2010-05-28,6.4,17.0,0.0
544,2010-05-29,9.4,15.0,28.0
545,2010-05-30,8.8,20.2,5.8
546,2010-05-31,10.7,19.1,0.0
547,2010-06-01,4.2,16.6,0.0
548,2010-06-02,4.3,17.7,0.0
549,2010-06-03,3.4,17.7,0.0
550,2010-06-04,3.1,18.4,0.0
551,2010-06-05,1.7,10.2,0.0
552,2010-06-06,5.0,15.8,0.0
553,2010-06-07,0.4,14.0,0.0
554,2010-06-08,3.1,12.2,0.0
555,2010-06-09,5.3,8.4,0.0
556,2010-06-10,4.9,12.9,2.4
557,2010-06-11,7.2,13.2,0.0
558,2010-06-12,0.0,13.3,0.0
559,2010-06-13,-1.0,13.1,0.0
560,2010-06-14,-2.0,13.2,0.0
561,2010-06-15,-0.3,12.8,0.0
562,2010-06-16,1.5,15.5,0.0
563,2010-06-17,7.4,16.2,11.6
564,2010-06-18,3.0,12.2,2.2
565,2010-06-19,6.9,15.2,1.8
566,2010-06-20,3.6,13.1,0.0
567,2010-06-21,5.0,12.5,0.4
568,2010-06-22,3.0,14.8,0.0
569,2010-06-23,3.5,16.5,0.0
570,2010-06-24,3.4,17.0,0.0
571,2010-06-25,7.0,16.1,0.0
572,2010-06-26,6.2,12.1,10.2
573,2010-06-27,0.6,11.9,0.2
574,2010-06-28,-0.6,8.3,0.0
575,2010-06-29,2.3,9.4,0.0
576,2010-06-30,5.1,9.8,0.2
577,2010-07-01,3.2,11.9,1.2
578,2010-07-02,0.2,10.9,0.2
579,2010-07-03,1.0,10.3,0.0
580,2010-07-04,1.5,10.8,0.0
581,2010-07-05,1.8,12.1,0.2
582,2010-07-06,2.3,13.9,5.6
583,2010-07-07,1.5,13.5,0.0
584,2010-07-08,2.1,14.8,0.4
585,2010-07-09,0.0,14.6,0.0
586,2010-07-10,1.5,16.1,0.0
587,2010-07-11,5.0,15.4,13.4
588,2010-07-12,3.5,15.3,0.2
589,2010-07-13,3.5,16.3,0.0
590,2010-07-14,6.2,10.0,21.4
591,2010-07-15,3.4,12.2,11.0
592,2010-07-16,0.6,13.1,0.0
593,2010-07-17,-0.4,11.5,0.0
594,2010-07-18,0.7,12.8,0.0
595,2010-07-19,5.0,13.5,1.6
596,2010-07-20,0.5,11.6,0.2
597,2010-07-21,0.6,12.9,0.0
598,2010-07-22,-0.5,13.8,0.0
599,2010-07-23,0.1,15.7,0.0
600,2010-07-24,1.0,14.6,0.0
601,2010-07-25,2.5,14.3,0.2
602,2010-07-26,1.9,14.9,0.2
603,2010-07-27,-1.2,15.0,0.2
604,2010-07-28,2.1,12.6,0.0
605,2010-07-29,5.8,14.8,6.2
606,2010-07-30,8.9,14.9,0.0
607,2010-07-31,7.5,12.3,2.2
608,2010-08-01,7.5,10.1,4.2
609,2010-08-02,5.4,14.7,18.6
610,2010-08-03,1.2,15.7,0.0
611,2010-08-04,1.2,9.6,0.0
612,2010-08-05,,11.8,
613,2010-08-06,0.7,12.6,0.2
614,2010-08-07,-0.6,13.1,0.2
615,2010-08-08,-1.3,12.6,0.0
616,2010-08-09,0.3,15.5,0.0
617,2010-08-10,4.4,16.0,7.2
618,2010-08-11,7.2,10.4,8.2
619,2010-08-12,4.5,14.9,10.8
620,2010-08-13,1.6,15.0,0.0
621,2010-08-14,3.2,13.0,0.0
622,2010-08-15,7.2,12.1,1.8
623,2010-08-16,6.4,11.8,10.2
624,2010-08-17,-1.0,12.1,3.8
625,2010-08-18,1.3,11.8,0.2
626,2010-08-19,5.0,15.1,15.4
627,2010-08-20,4.5,11.7,2.0
628,2010-08-21,6.3,12.9,0.0
629,2010-08-22,2.1,15.3,0.2
630,2010-08-23,4.1,12.8,0.2
631,2010-08-24,6.4,13.3,1.8
632,2010-08-25,4.2,10.7,1.8
633,2010-08-26,5.4,11.8,9.6
634,2010-08-27,6.8,13.4,4.0
635,2010-08-28,0.9,14.4,0.0
636,2010-08-29,1.9,15.2,0.0
637,2010-08-30,2.3,15.4,0.0
638,2010-08-31,2.9,14.2,0.0
639,2010-09-01,7.1,15.1,0.0
640,2010-09-02,10.0,16.8,0.8
641,2010-09-03,7.1,17.6,0.0
642,2010-09-04,10.1,17.7,21.8
643,2010-09-05,9.8,14.2,20.8
644,2010-09-06,6.8,12.8,2.4
645,2010-09-07,2.3,15.1,1.2
646,2010-09-08,1.7,15.9,0.0
647,2010-09-09,7.2,14.7,0.0
648,2010-09-10,8.1,14.0,24.8
649,2010-09-11,2.6,15.9,3.2
650,2010-09-12,4.5,16.3,0.0
651,2010-09-13,6.0,18.7,0.4
652,2010-09-14,5.8,19.0,0.0
653,2010-09-15,5.5,13.6,0.0
654,2010-09-16,7.5,13.4,0.0
655,2010-09-17,4.3,14.3,0.2
656,2010-09-18,3.3,13.9,0.0
657,2010-09-19,2.4,16.4,0.0
658,2010-09-20,2.8,18.7,0.0
659,2010-09-21,5.0,19.6,0.0
660,2010-09-22,8.6,20.1,0.0
661,2010-09-23,5.7,19.9,0.0
662,2010-09-24,3.7,19.1,0.0
663,2010-09-25,5.6,19.7,0.0
664,2010-09-26,5.4,20.6,0.0
665,2010-09-27,6.5,20.0,0.0
666,2010-09-28,5.4,14.6,0.0
667,2010-09-29,3.7,14.3,0.0
668,2010-09-30,-0.1,14.6,0.0
669,2010-10-01,4.1,17.4,0.0
670,2010-10-02,4.8,21.1,0.0
671,2010-10-03,7.4,23.0,0.0
672,2010-10-04,8.2,23.2,0.0
673,2010-10-05,10.1,25.9,0.0
674,2010-10-06,11.1,24.9,0.0
675,2010-10-07,7.3,15.9,10.0
676,2010-10-08,4.2,19.0,0.0
677,2010-10-09,5.4,20.8,0.0
678,2010-10-10,8.2,23.2,0.0
679,2010-10-11,7.6,23.7,0.0
680,2010-10-12,14.5,19.9,0.8
681,2010-10-13,14.7,18.0,11.4
682,2010-10-14,12.7,19.1,19.0
683,2010-10-15,13.8,18.6,22.2
684,2010-10-16,4.8,12.8,32.8
685,2010-10-17,6.3,15.4,0.0
686,2010-10-18,9.2,17.4,0.0
687,2010-10-19,4.8,19.0,0.0
688,2010-10-20,5.7,21.8,0.0
689,2010-10-21,8.0,23.3,0.0
690,2010-10-22,9.5,25.8,0.0
691,2010-10-23,14.8,19.0,0.4
692,2010-10-24,8.2,22.2,2.4
693,2010-10-25,10.9,22.2,0.0
694,2010-10-26,8.8,23.5,0.0
695,2010-10-27,10.2,22.3,1.6
696,2010-10-28,8.8,23.6,0.0
697,2010-10-29,10.3,25.6,0.0
698,2010-10-30,16.0,19.5,3.4
699,2010-10-31,13.8,18.7,50.8
700,2010-11-01,10.2,18.9,1.2
701,2010-11-02,7.1,20.3,0.0
702,2010-11-03,10.7,18.0,0.0
703,2010-11-04,10.1,18.8,0.0
704,2010-11-05,11.1,21.0,0.0
705,2010-11-06,7.5,22.9,0.0
706,2010-11-07,9.3,24.5,0.0
707,2010-11-08,14.7,24.7,2.2
708,2010-11-09,11.6,27.7,0.0
709,2010-11-10,15.5,29.0,0.0
710,2010-11-11,15.2,30.5,0.6
711,2010-11-12,17.5,31.3,0.0
712,2010-11-13,21.1,26.9,0.0
713,2010-11-14,19.2,22.6,52.6
714,2010-11-15,15.9,23.1,2.4
715,2010-11-16,11.4,20.8,0.0
716,2010-11-17,8.8,23.3,0.0
717,2010-11-18,9.1,24.8,0.0
718,2010-11-19,12.1,25.5,0.0
719,2010-11-20,12.0,27.3,0.0
720,2010-11-21,12.7,29.7,0.0
721,2010-11-22,14.7,29.9,0.0
722,2010-11-23,14.8,29.4,0.0
723,2010-11-24,18.1,30.1,0.0
724,2010-11-25,18.9,27.6,0.0
725,2010-11-26,17.9,24.2,4.0
726,2010-11-27,14.8,27.6,19.2
727,2010-11-28,17.8,21.4,18.8
728,2010-11-29,13.6,22.6,14.8
729,2010-11-30,14.4,23.3,1.6
730,2010-12-01,16.7,23.9,12.0
731,2010-12-02,16.1,26.6,0.6
732,2010-12-03,15.7,27.3,18.4
733,2010-12-04,17.3,29.9,1.2
734,2010-12-05,16.6,31.6,0.0
735,2010-12-06,18.9,30.4,0.0
736,2010-12-07,21.3,29.8,0.0
737,2010-12-08,20.3,29.7,3.2
738,2010-12-09,18.0,26.7,25.6
739,2010-12-10,16.7,22.5,0.0
740,2010-12-11,11.2,24.3,0.0
741,2010-12-12,15.0,22.2,0.0
742,2010-12-13,10.5,26.2,0.0
743,2010-12-14,13.7,28.8,0.0
744,2010-12-15,16.1,31.1,0.0
745,2010-12-16,15.1,25.6,0.4
746,2010-12-17,10.3,25.9,0.0
747,2010-12-18,14.0,20.8,1.0
748,2010-12-19,10.4,18.0,3.0
749,2010-12-20,8.6,20.5,6.2
750,2010-12-21,9.9,21.2,1.6
751,2010-12-22,9.4,25.9,0.0
752,2010-12-23,12.3,29.2,0.0
753,2010-12-24,13.9,30.8,0.0
754,2010-12-25,19.3,29.1,0.0
755,2010-12-26,17.5,30.0,1.0
756,2010-12-27,11.3,22.2,0.0
757,2010-12-28,9.1,26.7,0.0
758,2010-12-29,13.5,31.0,0.0
759,2010-12-30,14.8,34.0,0.0
760,2010-12-31,15.7,38.1,0.0
761,2011-01-01,23.2,35.8,0.0
762,2011-01-02,20.1,31.1,0.6
763,2011-01-03,13.6,29.4,0.0
764,2011-01-04,13.9,29.2,0.0
765,2011-01-05,16.0,28.9,0.0
766,2011-01-06,16.5,31.6,0.0
767,2011-01-07,16.1,30.7,0.0
768,2011-01-08,17.8,32.0,0.0
769,2011-01-09,20.1,33.0,0.0
770,2011-01-10,20.1,32.0,35.0
771,2011-01-11,21.6,26.4,1.4
772,2011-01-12,21.5,28.9,5.0
773,2011-01-13,22.1,30.6,14.2
774,2011-01-14,24.0,25.5,2.4
775,2011-01-15,19.9,31.4,13.8
776,2011-01-16,18.5,33.7,0.0
777,2011-01-17,19.8,26.9,0.0
778,2011-01-18,12.9,27.2,0.0
779,2011-01-19,12.9,29.3,0.0
780,2011-01-20,16.1,31.9,0.0
781,2011-01-21,17.8,32.5,0.0
782,2011-01-22,19.8,34.6,0.0
783,2011-01-23,20.7,31.4,0.0
784,2011-01-24,19.8,30.6,0.0
785,2011-01-25,14.9,32.0,0.0
786,2011-01-26,21.1,34.4,0.0
787,2011-01-27,14.3,31.6,0.0
788,2011-01-28,12.6,32.3,0.0
789,2011-01-29,14.5,32.0,0.0
790,2011-01-30,16.7,35.4,0.0
791,2011-01-31,19.9,38.2,0.0
792,2011-02-01,20.5,39.8,0.0
793,2011-02-02,21.9,33.7,0.0
794,2011-02-03,21.9,36.0,3.4
795,2011-02-04,22.5,28.2,2.6
796,2011-02-05,20.4,23.0,99.2
797,2011-02-06,14.7,21.5,51.0
798,2011-02-07,10.8,25.5,0.0
799,2011-02-08,13.4,27.3,0.0
800,2011-02-09,15.0,29.4,0.0
801,2011-02-10,17.0,29.7,0.0
802,2011-02-11,19.8,24.8,39.8
803,2011-02-12,18.7,28.5,28.2
804,2011-02-13,15.1,28.6,0.0
805,2011-02-14,14.5,29.2,0.0
806,2011-02-15,16.4,28.0,0.0
807,2011-02-16,18.9,22.0,0.2
808,2011-02-17,18.9,29.2,5.8
809,2011-02-18,19.3,30.7,0.0
810,2011-02-19,21.7,29.0,12.2
811,2011-02-20,16.7,25.7,12.8
812,2011-02-21,10.1,22.5,0.0
813,2011-02-22,12.3,25.2,0.0
814,2011-02-23,12.6,28.0,0.2
815,2011-02-24,13.9,29.2,0.0
816,2011-02-25,16.5,29.8,0.0
817,2011-02-26,15.6,30.9,0.0
818,2011-02-27,19.6,24.8,0.2
819,2011-02-28,17.9,30.0,11.8
820,2011-03-01,16.0,22.8,0.0
821,2011-03-02,8.8,23.4,0.0
822,2011-03-03,8.4,22.3,0.0
823,2011-03-04,8.6,22.1,0.0
824,2011-03-05,11.5,25.0,0.0
825,2011-03-06,9.6,25.3,0.0
826,2011-03-07,10.6,26.6,0.0
827,2011-03-08,11.4,28.7,0.0
828,2011-03-09,16.8,27.0,0.0
829,2011-03-10,18.7,20.8,13.4
830,2011-03-11,16.8,27.0,10.2
831,2011-03-12,17.2,28.2,0.6
832,2011-03-13,19.6,29.3,0.6
833,2011-03-14,18.2,26.9,19.8
834,2011-03-15,16.3,28.4,0.2
835,2011-03-16,17.1,28.2,0.4
836,2011-03-17,12.1,25.9,0.2
837,2011-03-18,12.8,26.3,0.0
838,2011-03-19,13.3,27.4,0.0
839,2011-03-20,13.9,28.1,0.0
840,2011-03-21,18.2,25.9,0.0
841,2011-03-22,18.6,26.8,0.0
842,2011-03-23,16.3,20.1,0.0
843,2011-03-24,13.9,22.0,8.0
844,2011-03-25,13.3,22.1,0.0
845,2011-03-26,9.6,24.2,0.0
846,2011-03-27,9.8,23.0,0.0
847,2011-03-28,10.2,24.7,0.0
848,2011-03-29,11.5,25.7,0.0
849,2011-03-30,12.3,25.8,0.0
850,2011-03-31,7.2,22.1,0.2
851,2011-05-01,8.7,20.4,0.0
852,2011-05-02,12.3,22.3,0.0
853,2011-05-03,9.0,21.9,0.0
854,2011-05-04,6.7,19.0,0.6
855,2011-05-05,4.4,18.1,0.2
856,2011-05-06,2.8,16.8,0.0
857,2011-05-07,3.4,15.9,0.0
858,2011-05-08,2.1,16.8,0.0
859,2011-05-09,3.8,16.1,0.0
860,2011-05-10,1.1,15.2,0.0
861,2011-05-11,3.0,11.0,3.6
862,2011-05-12,0.2,10.1,0.4
863,2011-05-13,3.8,14.1,5.0
864,2011-05-14,3.8,14.3,1.8
865,2011-05-15,-0.7,13.7,0.0
866,2011-05-16,0.8,11.2,0.0
867,2011-05-17,0.5,15.8,0.0
868,2011-05-18,2.3,17.9,0.0
869,2011-05-19,2.7,16.0,0.0
870,2011-05-20,4.5,18.6,0.0
871,2011-05-21,3.3,20.5,0.0
872,2011-05-22,5.8,22.0,0.0
873,2011-05-23,10.2,15.0,17.4
874,2011-05-24,8.9,15.6,3.6
875,2011-05-25,3.1,14.7,0.0
876,2011-05-26,1.3,14.9,0.0
877,2011-05-27,1.9,13.8,0.0
878,2011-05-28,2.6,13.9,0.0
879,2011-05-29,2.5,14.8,0.0
880,2011-05-30,3.6,15.9,0.0
881,2011-05-31,2.8,19.4,0.0
882,2011-06-01,3.1,19.8,0.0
883,2011-06-02,2.9,17.6,0.0
884,2011-06-03,4.3,18.3,0.0
885,2011-06-04,8.5,14.8,8.8
886,2011-06-05,2.2,12.0,0.0
887,2011-06-06,4.9,12.8,2.0
888,2011-06-07,-0.5,9.8,0.0
889,2011-06-08,1.5,10.2,2.6
890,2011-06-09,2.9,14.6,0.0
891,2011-06-10,-1.1,14.0,0.0
892,2011-06-11,-1.4,13.9,0.0
893,2011-06-12,1.0,16.1,0.2
894,2011-06-13,-0.3,15.9,0.0
895,2011-06-14,1.7,16.7,0.0
896,2011-06-15,0.5,16.9,0.0
897,2011-06-16,1.0,16.1,0.0
898,2011-06-17,3.0,12.6,1.0
899,2011-06-18,5.7,12.5,0.2
900,2011-06-19,3.3,11.8,0.0
901,2011-06-20,7.6,14.6,3.6
902,2011-06-21,6.6,11.6,10.6
903,2011-06-22,5.9,11.1,0.6
904,2011-06-23,6.2,14.2,3.4
905,2011-06-24,2.9,13.1,0.0
906,2011-06-25,5.5,15.5,0.4
907,2011-06-26,3.2,15.7,0.0
908,2011-06-27,0.9,16.4,0.0
909,2011-06-28,-0.2,15.2,0.0
910,2011-06-29,0.9,16.6,0.0
911,2011-06-30,0.3,15.2,0.0
912,2011-07-01,0.3,14.1,0.0
913,2011-07-02,0.2,15.2,0.0
914,2011-07-03,2.9,14.8,0.0
915,2011-07-04,6.3,14.8,15.4
916,2011-07-05,6.9,11.2,3.8
917,2011-07-06,7.0,10.8,1.2
918,2011-07-07,6.8,11.2,4.4
919,2011-07-08,-0.5,8.3,0.0
920,2011-07-09,4.3,9.2,4.2
921,2011-07-10,6.4,11.0,0.0
922,2011-07-11,4.7,11.8,6.6
923,2011-07-12,5.7,10.5,0.0
924,2011-07-13,7.1,9.8,0.0
925,2011-07-14,-0.3,12.6,4.0
926,2011-07-15,-1.6,12.1,0.0
927,2011-07-16,0.2,14.1,0.0
928,2011-07-17,5.3,11.1,0.0
929,2011-07-18,8.4,11.0,8.8
930,2011-07-19,0.4,14.5,1.8
931,2011-07-20,0.3,16.7,0.2
932,2011-07-21,3.5,17.2,0.0
933,2011-07-22,6.9,15.6,0.0
934,2011-07-23,0.1,14.6,0.0
935,2011-07-24,1.6,9.3,0.2
936,2011-07-25,5.5,13.2,16.2
937,2011-07-26,4.1,14.1,2.2
938,2011-07-27,0.5,14.5,0.0
939,2011-07-28,0.2,13.1,0.0
940,2011-07-29,-1.4,14.7,0.0
941,2011-07-30,0.6,16.1,0.2
942,2011-07-31,4.9,14.7,1.0
943,2011-08-01,3.4,19.0,0.0
944,2011-08-02,6.5,20.6,0.0
945,2011-08-03,3.9,21.5,0.2
946,2011-08-04,7.1,22.9,0.0
947,2011-08-05,5.6,20.7,0.0
948,2011-08-06,9.9,12.9,14.6
949,2011-08-07,5.3,11.1,4.2
950,2011-08-08,7.1,12.3,8.2
951,2011-08-09,3.1,10.1,1.2
952,2011-08-10,6.3,10.9,3.6
953,2011-08-11,3.4,16.8,2.8
954,2011-08-12,1.6,16.3,0.0
955,2011-08-13,0.7,13.4,0.0
956,2011-08-14,4.3,17.3,0.0
957,2011-08-15,3.9,13.8,1.2
958,2011-08-16,9.0,19.4,0.2
959,2011-08-17,7.1,12.6,5.6
960,2011-08-18,7.4,10.8,30.8
961,2011-08-19,6.9,19.3,0.8
962,2011-08-20,3.2,17.3,0.0
963,2011-08-21,2.1,18.0,0.0
964,2011-08-22,1.8,17.7,0.0
965,2011-08-23,2.5,16.9,0.0
966,2011-08-24,2.4,17.5,0.0
967,2011-08-25,2.5,20.7,0.0
968,2011-08-26,1.9,16.6,0.0
969,2011-08-27,0.8,16.8,0.0
970,2011-08-28,0.4,16.2,0.0
971,2011-08-29,1.4,15.9,0.0
972,2011-08-30,0.6,15.7,0.0
973,2011-08-31,0.4,15.8,0.0
974,2011-09-01,2.6,18.3,0.0
975,2011-09-02,2.8,20.4,0.0
976,2011-09-03,2.6,19.6,0.0
977,2011-09-04,6.5,16.8,0.0
978,2011-09-05,4.8,21.4,3.2
979,2011-09-06,10.8,18.8,5.0
980,2011-09-07,-0.1,14.4,1.0
981,2011-09-08,0.4,15.9,0.0
982,2011-09-09,2.7,14.0,0.0
983,2011-09-10,4.0,,0.2
984,2011-09-11,,,
985,2011-09-12,,,
986,2011-09-13,,15.8,
987,2011-09-14,0.9,20.8,
988,2011-09-15,1.7,17.2,0.0
989,2011-09-16,4.4,20.8,0.0
990,2011-09-17,3.7,21.7,0.0
991,2011-09-18,5.5,23.9,0.0
992,2011-09-19,5.3,26.7,0.0
993,2011-09-20,10.1,13.6,1.0
994,2011-09-21,1.7,18.2,3.6
995,2011-09-22,4.4,22.1,0.0
996,2011-09-23,10.0,18.4,0.0
997,2011-09-24,1.9,18.3,0.0
998,2011-09-25,8.6,19.8,1.0
999,2011-09-26,3.1,19.6,0.0
1000,2011-09-27,7.0,21.3,0.0
1001,2011-09-28,11.5,19.2,0.6
1002,2011-09-29,10.7,12.3,28.4
1003,2011-09-30,7.5,15.5,8.2
1004,2011-10-01,8.2,13.5,3.8
1005,2011-10-02,4.2,17.6,5.8
1006,2011-10-03,2.9,18.3,0.8
1007,2011-10-04,4.1,19.3,0.0
1008,2011-10-05,5.6,17.8,0.0
1009,2011-10-06,10.2,16.0,0.0
1010,2011-10-07,11.1,21.4,4.2
1011,2011-10-08,8.7,21.8,0.0
1012,2011-10-09,10.7,18.6,0.0
1013,2011-10-10,3.2,14.4,2.0
1014,2011-10-11,5.9,16.7,
1015,2011-10-12,2.6,20.3,0.0
1016,2011-10-13,5.3,23.2,0.0
1017,2011-10-14,10.0,24.3,0.0
1018,2011-10-15,10.3,25.5,0.0
1019,2011-10-16,9.1,18.7,0.0
1020,2011-10-17,4.3,20.3,0.0
1021,2011-10-18,5.2,23.7,0.0
1022,2011-10-19,5.7,25.7,0.0
1023,2011-10-20,8.3,28.0,0.0
1024,2011-10-21,11.3,24.7,0.0
1025,2011-10-22,13.3,25.9,0.0
1026,2011-10-23,11.7,30.9,0.0
1027,2011-10-24,18.0,28.4,0.0
1028,2011-10-25,11.9,20.6,12.2
1029,2011-10-26,11.7,23.3,0.0
1030,2011-10-27,8.8,23.8,0.0
1031,2011-10-28,12.4,25.9,0.0
1032,2011-10-29,16.7,25.0,1.2
1033,2011-10-30,9.9,20.1,0.0
1034,2011-10-31,6.4,23.1,0.0
1035,2011-11-01,9.3,24.8,0.0
1036,2011-11-02,11.4,22.2,0.0
1037,2011-11-03,9.3,22.3,0.0
1038,2011-11-04,8.1,26.6,0.0
1039,2011-11-05,9.8,29.6,0.0
1040,2011-11-06,13.8,32.9,0.0
1041,2011-11-07,15.8,28.5,5.4
1042,2011-11-08,16.7,30.1,0.0
1043,2011-11-09,15.7,31.2,0.0
1044,2011-11-10,13.9,22.8,34.8
1045,2011-11-11,9.6,25.3,0.0
1046,2011-11-12,12.5,27.0,0.0
1047,2011-11-13,13.0,28.3,0.0
1048,2011-11-14,16.1,28.3,0.0
1049,2011-11-15,11.9,29.3,0.0
1050,2011-11-16,16.0,22.0,0.0
1051,2011-11-17,12.8,27.5,0.2
1052,2011-11-18,15.1,31.9,0.0
1053,2011-11-19,19.9,29.6,0.0
1054,2011-11-20,17.4,22.8,0.0
1055,2011-11-21,8.1,23.5,0.0
1056,2011-11-22,11.9,22.7,2.6
1057,2011-11-23,10.0,24.4,0.0
1058,2011-11-24,10.8,26.0,0.0
1059,2011-11-25,15.0,20.0,11.0
1060,2011-11-26,15.0,25.0,44.0
1061,2011-11-27,15.0,27.0,14.0
1062,2011-11-28,12.0,31.5,0.0
1063,2011-11-29,18.4,35.9,0.0
1064,2011-11-30,19.2,21.6,16.6
1065,2011-12-01,7.2,22.9,2.8
1066,2011-12-02,10.6,23.6,0.0
1067,2011-12-03,10.2,27.1,0.0
1068,2011-12-04,9.7,22.9,0.0
1069,2011-12-05,9.6,22.5,0.0
1070,2011-12-06,8.5,25.0,0.0
1071,2011-12-07,12.6,26.6,0.0
1072,2011-12-08,15.0,29.0,0.0
1073,2011-12-09,13.6,29.1,0.0
1074,2011-12-10,17.8,25.1,0.0
1075,2011-12-11,15.8,28.3,12.2
1076,2011-12-12,10.9,26.7,0.0
1077,2011-12-13,12.6,24.6,0.0
1078,2011-12-14,11.0,25.0,0.0
1079,2011-12-15,11.7,27.7,0.0
1080,2011-12-16,14.2,28.9,0.0
1081,2011-12-17,14.0,30.7,0.0
1082,2011-12-18,19.3,25.6,0.0
1083,2011-12-19,18.7,27.8,3.6
1084,2011-12-20,13.4,29.9,0.0
1085,2011-12-21,18.6,28.5,0.0
1086,2011-12-22,16.4,29.6,0.6
1087,2011-12-23,15.2,31.3,0.0
1088,2011-12-24,16.0,33.1,0.0
1089,2011-12-25,17.4,26.6,5.2
1090,2011-12-26,17.0,29.4,9.0
1091,2011-12-27,15.0,29.0,0.0
1092,2011-12-28,15.2,29.4,0.0
1093,2011-12-29,13.8,29.7,0.0
1094,2011-12-30,15.0,30.4,0.0
1095,2011-12-31,15.8,31.8,0.0
1096,2012-01-01,15.7,34.9,0.0
1097,2012-01-02,17.8,36.0,0.0
1098,2012-01-03,19.7,38.9,0.0
1099,2012-01-04,20.5,32.5,0.0
1100,2012-01-05,13.3,30.6,0.4
1101,2012-01-06,12.6,29.2,0.0
1102,2012-01-07,11.7,33.4,0.0
1103,2012-01-08,19.1,26.1,5.6
1104,2012-01-09,12.7,24.6,3.8
1105,2012-01-10,10.8,24.8,0.0
1106,2012-01-11,12.0,19.5,0.4
1107,2012-01-12,6.2,25.0,1.2
1108,2012-01-13,9.9,28.3,0.0
1109,2012-01-14,13.3,29.4,0.0
1110,2012-01-15,15.1,31.0,0.0
1111,2012-01-16,16.5,31.6,0.0
1112,2012-01-17,18.9,33.4,0.0
1113,2012-01-18,16.1,30.7,0.0
1114,2012-01-19,17.8,36.1,0.4
1115,2012-01-20,20.1,36.2,0.0
1116,2012-01-21,18.5,35.3,0.0
1117,2012-01-22,20.9,33.0,0.0
1118,2012-01-23,14.0,32.1,0.0
1119,2012-01-24,16.3,32.8,0.0
1120,2012-01-25,17.8,35.5,0.0
1121,2012-01-26,17.5,36.4,0.0
1122,2012-01-27,19.9,35.4,0.0
1123,2012-01-28,19.9,34.5,0.0
1124,2012-01-29,20.0,36.0,0.0
1125,2012-01-30,20.8,29.1,26.8
1126,2012-01-31,15.1,27.9,9.0
1127,2012-02-01,14.9,28.5,0.0
1128,2012-02-02,15.2,29.4,0.0
1129,2012-02-03,17.0,29.8,0.0
1130,2012-02-04,15.5,32.5,0.0
1131,2012-02-05,16.0,33.5,0.0
1132,2012-02-06,11.1,25.6,1.4
1133,2012-02-07,10.9,28.1,0.0
1134,2012-02-08,12.0,28.9,0.0
1135,2012-02-09,14.8,24.6,0.0
1136,2012-02-10,13.8,27.4,3.6
1137,2012-02-11,11.5,27.8,0.0
1138,2012-02-12,12.0,29.4,3.2
1139,2012-02-13,13.5,29.7,0.0
1140,2012-02-14,14.7,31.4,0.0
1141,2012-02-15,15.0,31.9,0.0
1142,2012-02-16,16.9,28.3,0.4
1143,2012-02-17,17.6,31.3,0.0
1144,2012-02-18,15.9,31.2,0.0
1145,2012-02-19,19.6,28.0,0.0
1146,2012-02-20,16.1,21.4,0.0
1147,2012-02-21,13.5,28.9,1.4
1148,2012-02-22,14.5,30.5,0.0
1149,2012-02-23,13.7,32.4,0.0
1150,2012-02-24,14.2,34.5,0.0
1151,2012-02-25,15.2,36.1,0.0
1152,2012-02-26,17.6,25.5,1.4
1153,2012-02-27,18.5,28.0,10.6
1154,2012-02-28,18.8,26.6,38.4
1155,2012-02-29,19.5,24.8,0.6
1156,2012-03-01,17.1,20.9,104.2
1157,2012-03-02,17.0,25.8,36.6
1158,2012-03-03,18.8,19.6,0.0
1159,2012-03-04,16.7,24.8,66.0
1160,2012-03-05,11.8,25.1,0.0
1161,2012-03-06,12.4,26.2,0.0
1162,2012-03-07,15.8,23.2,0.0
1163,2012-03-08,15.1,24.1,0.0
1164,2012-03-09,12.1,27.1,0.4
1165,2012-03-10,10.8,25.9,0.0
1166,2012-03-11,10.0,25.8,0.0
1167,2012-03-12,13.1,27.8,0.0
1168,2012-03-13,13.7,29.9,0.0
1169,2012-03-14,15.5,29.3,0.0
1170,2012-03-15,17.2,30.0,9.6
1171,2012-03-16,19.2,20.4,19.2
1172,2012-03-17,12.6,24.4,17.4
1173,2012-03-18,10.4,25.5,0.0
1174,2012-03-19,11.6,26.3,0.0
1175,2012-03-20,12.4,28.4,0.0
1176,2012-03-21,16.5,27.7,0.0
1177,2012-03-22,8.2,22.1,0.0
1178,2012-03-23,11.0,18.3,0.0
1179,2012-03-24,8.9,19.7,0.4
1180,2012-03-25,6.2,21.0,0.0
1181,2012-03-26,7.7,23.0,0.0
1182,2012-03-27,10.6,22.0,0.0
1183,2012-03-28,13.5,23.4,0.0
1184,2012-03-29,9.4,25.4,1.4
1185,2012-03-30,11.0,26.5,0.0
1186,2012-03-31,10.2,27.6,0.0
1187,2012-04-01,12.6,26.3,0.0
1188,2012-04-02,11.1,25.9,0.0
1189,2012-04-03,12.9,29.9,0.0
1190,2012-04-04,13.1,28.1,0.0
1191,2012-04-05,12.7,28.5,0.0
1192,2012-04-06,14.5,28.6,0.0
1193,2012-04-07,10.1,20.4,0.0
1194,2012-04-08,5.4,19.1,0.0
1195,2012-04-09,5.0,18.6,0.0
1196,2012-04-10,1.0,17.5,0.0
1197,2012-04-11,3.0,20.1,0.0
1198,2012-04-12,4.3,21.7,0.0
1199,2012-04-13,4.8,22.7,0.0
1200,2012-04-14,6.7,19.8,0.0
1201,2012-04-15,9.4,25.4,0.0
1202,2012-04-16,8.2,26.2,0.0
1203,2012-04-17,9.9,24.9,0.0
1204,2012-04-18,13.7,26.2,0.0
1205,2012-04-19,16.9,21.4,0.8
1206,2012-04-20,14.6,22.7,34.2
1207,2012-04-21,11.2,25.4,0.0
1208,2012-04-22,14.0,23.0,1.4
1209,2012-04-23,12.2,22.5,8.2
1210,2012-04-24,10.0,14.2,0.8
1211,2012-04-25,7.3,17.0,1.0
1212,2012-04-26,5.0,17.0,0.0
1213,2012-04-27,5.5,19.6,0.0
1214,2012-04-28,5.4,19.6,0.0
1215,2012-04-29,4.6,18.4,0.0
1216,2012-04-30,4.4,19.9,0.0
1217,2012-05-01,6.8,20.7,0.0
1218,2012-05-02,7.6,16.3,0.0
1219,2012-05-03,2.0,14.7,1.6
1220,2012-05-04,3.5,15.7,0.0
1221,2012-05-05,3.2,15.5,0.0
1222,2012-05-06,4.1,13.3,0.0
1223,2012-05-07,4.0,14.5,0.0
1224,2012-05-08,5.5,20.3,0.0
1225,2012-05-09,7.2,17.0,0.0
1226,2012-05-10,7.5,21.4,0.4
1227,2012-05-11,6.2,19.5,0.0
1228,2012-05-12,1.0,14.7,0.0
1229,2012-05-13,6.4,14.8,0.0
1230,2012-05-14,-0.4,15.5,0.0
1231,2012-05-15,0.4,17.5,0.0
1232,2012-05-16,3.2,17.0,0.0
1233,2012-05-17,2.3,16.7,0.0
1234,2012-05-18,2.3,15.3,0.0
1235,2012-05-19,2.6,17.8,0.0
1236,2012-05-20,1.9,17.2,0.0
1237,2012-05-21,0.9,15.0,0.0
1238,2012-05-22,1.9,15.6,0.0
1239,2012-05-23,4.2,19.9,0.0
1240,2012-05-24,7.8,17.0,0.0
1241,2012-05-25,5.5,9.4,29.4
1242,2012-05-26,6.7,13.2,6.0
1243,2012-05-27,5.7,15.4,0.4
1244,2012-05-28,1.9,15.9,0.2
1245,2012-05-29,1.7,17.4,0.0
1246,2012-05-30,2.1,18.2,0.0
1247,2012-05-31,1.1,16.1,0.0
1248,2012-06-01,3.5,16.3,0.0
1249,2012-06-02,2.2,14.6,0.0
1250,2012-06-03,5.7,13.7,3.6
1251,2012-06-04,4.8,14.5,0.0
1252,2012-06-05,6.2,16.0,6.0
1253,2012-06-06,-1.0,15.1,0.0
1254,2012-06-07,0.1,14.3,0.0
1255,2012-06-08,-0.8,13.9,0.2
1256,2012-06-09,0.0,14.8,0.0
1257,2012-06-10,0.2,15.6,0.0
1258,2012-06-11,-0.3,15.9,0.0
1259,2012-06-12,0.4,16.4,0.2
1260,2012-06-13,0.2,15.2,0.0
1261,2012-06-14,2.3,16.7,0.0
1262,2012-06-15,7.3,15.6,0.0
1263,2012-06-16,1.4,10.3,0.0
1264,2012-06-17,4.4,11.6,0.0
1265,2012-06-18,1.3,12.7,0.0
1266,2012-06-19,5.6,14.2,2.8
1267,2012-06-20,-1.3,11.7,0.0
1268,2012-06-21,3.0,13.8,0.6
1269,2012-06-22,7.5,9.7,5.2
1270,2012-06-23,-1.7,10.6,0.8
1271,2012-06-24,0.2,11.3,0.4
1272,2012-06-25,3.1,13.3,1.4
1273,2012-06-26,2.4,14.3,1.0
1274,2012-06-27,1.8,13.7,0.0
1275,2012-06-28,1.2,12.3,0.0
1276,2012-06-29,5.5,15.5,3.8
1277,2012-06-30,0.6,11.7,4.6
1278,2012-07-01,3.7,9.6,3.8
1279,2012-07-02,6.4,12.3,4.6
1280,2012-07-03,0.3,12.6,0.0
1281,2012-07-04,-0.2,13.9,0.2
1282,2012-07-05,-1.0,14.2,0.2
1283,2012-07-06,-2.0,12.9,0.0
1284,2012-07-07,-2.5,13.3,0.0
1285,2012-07-08,-1.6,13.7,0.2
1286,2012-07-09,0.2,15.1,0.0
1287,2012-07-10,5.2,11.9,2.4
1288,2012-07-11,9.0,14.0,27.2
1289,2012-07-12,3.8,12.6,0.0
1290,2012-07-13,7.1,15.8,15.4
1291,2012-07-14,9.8,14.5,14.2
1292,2012-07-15,6.4,11.3,9.4
1293,2012-07-16,7.2,12.4,2.8
1294,2012-07-17,8.7,15.4,0.4
1295,2012-07-18,7.7,15.3,0.0
1296,2012-07-19,-0.8,12.7,0.6
1297,2012-07-20,2.3,15.3,0.0
1298,2012-07-21,1.4,15.3,0.0
1299,2012-07-22,0.0,15.7,0.2
1300,2012-07-23,-0.1,16.1,0.0
1301,2012-07-24,0.4,13.6,0.0
1302,2012-07-25,2.9,14.6,0.0
1303,2012-07-26,7.0,14.8,2.4
1304,2012-07-27,6.7,11.5,6.2
1305,2012-07-28,4.1,13.2,4.0
1306,2012-07-29,1.1,13.7,1.8
1307,2012-07-30,-0.6,13.1,0.0
1308,2012-07-31,-1.3,13.9,0.0
1309,2012-08-01,-0.5,13.7,0.2
1310,2012-08-02,-1.8,12.1,0.0
1311,2012-08-03,2.5,14.9,0.0
1312,2012-08-04,1.5,14.9,0.0
1313,2012-08-05,3.0,16.6,2.0
1314,2012-08-06,4.1,11.9,1.4
1315,2012-08-07,2.6,13.4,0.0
1316,2012-08-08,-0.5,16.3,0.0
1317,2012-08-09,5.7,11.8,11.2
1318,2012-08-10,-0.5,15.4,1.0
1319,2012-08-11,-0.7,16.6,0.0
1320,2012-08-12,0.6,16.5,0.0
1321,2012-08-13,-0.1,15.4,0.0
1322,2012-08-14,1.9,16.0,0.0
1323,2012-08-15,2.1,13.0,1.2
1324,2012-08-16,6.2,14.7,0.6
1325,2012-08-17,6.4,11.7,13.4
1326,2012-08-18,3.0,14.9,6.6
1327,2012-08-19,0.6,13.3,0.0
1328,2012-08-20,2.1,12.4,0.0
1329,2012-08-21,2.1,16.4,0.0
1330,2012-08-22,6.2,19.4,0.0
1331,2012-08-23,8.2,13.6,1.0
1332,2012-08-24,5.3,11.4,9.4
1333,2012-08-25,6.1,10.7,2.0
1334,2012-08-26,7.0,14.2,0.8
1335,2012-08-27,-0.2,14.3,0.0
1336,2012-08-28,1.2,15.3,0.0
1337,2012-08-29,2.9,17.6,0.0
1338,2012-08-30,6.2,12.8,0.6
1339,2012-08-31,3.4,13.4,1.0
1340,2012-09-01,-1.3,15.0,0.4
1341,2012-09-02,0.0,16.2,0.0
1342,2012-09-03,0.6,18.7,0.0
1343,2012-09-04,4.3,21.2,0.0
1344,2012-09-05,2.7,22.1,0.0
1345,2012-09-06,7.7,17.2,0.2
1346,2012-09-07,6.8,13.8,2.6
1347,2012-09-08,7.5,15.2,3.4
1348,2012-09-09,6.8,17.3,0.0
1349,2012-09-10,3.5,19.1,0.0
1350,2012-09-11,2.7,18.8,0.0
1351,2012-09-12,2.6,20.9,0.0
1352,2012-09-13,9.1,15.5,1.6
1353,2012-09-14,0.8,13.7,0.0
1354,2012-09-15,2.4,17.5,0.0
1355,2012-09-16,3.0,17.6,0.0
1356,2012-09-17,4.7,17.9,0.0
1357,2012-09-18,5.0,16.5,0.0
1358,2012-09-19,8.4,19.2,13.2
1359,2012-09-20,10.4,22.1,0.4
1360,2012-09-21,11.9,19.4,0.0
1361,2012-09-22,5.1,19.9,0.2
1362,2012-09-23,4.2,20.7,0.0
1363,2012-09-24,5.3,15.0,0.0
1364,2012-09-25,0.8,17.7,0.0
1365,2012-09-26,2.5,22.0,0.0
1366,2012-09-27,7.6,25.7,0.0
1367,2012-09-28,14.3,24.3,0.0
1368,2012-09-29,8.1,14.0,4.2
1369,2012-09-30,2.6,15.3,0.2
1370,2012-10-01,1.8,19.1,0.0
1371,2012-10-02,4.6,22.2,0.0
1372,2012-10-03,5.2,24.8,0.0
1373,2012-10-04,5.6,28.7,0.0
1374,2012-10-05,7.5,24.3,0.0
1375,2012-10-06,11.7,13.1,
1376,2012-10-07,2.7,17.1,33.4
1377,2012-10-08,3.5,16.8,0.0
1378,2012-10-09,3.5,18.3,0.0
1379,2012-10-10,5.6,16.2,0.0
1380,2012-10-11,7.4,11.6,0.8
1381,2012-10-12,5.0,17.9,7.6
1382,2012-10-13,4.0,18.6,0.0
1383,2012-10-14,4.7,21.0,0.0
1384,2012-10-15,6.4,25.7,0.0
1385,2012-10-16,8.7,19.0,0.0
1386,2012-10-17,5.2,19.0,2.2
1387,2012-10-18,5.5,22.6,0.0
1388,2012-10-19,8.5,27.2,0.0
1389,2012-10-20,8.8,24.9,0.0
1390,2012-10-21,7.9,20.7,0.0
1391,2012-10-22,5.8,19.0,0.0
1392,2012-10-23,4.4,20.7,0.0
1393,2012-10-24,5.4,23.6,0.0
1394,2012-10-25,12.7,23.8,0.0
1395,2012-10-26,7.1,18.5,0.0
1396,2012-10-27,6.3,20.4,0.0
1397,2012-10-28,6.2,23.7,0.0
1398,2012-10-29,9.0,27.0,0.0
1399,2012-10-30,11.0,28.8,0.0
1400,2012-10-31,10.8,31.2,0.0
1401,2012-11-01,17.3,20.6,0.0
1402,2012-11-02,6.4,22.4,0.0
1403,2012-11-03,9.2,24.5,0.0
1404,2012-11-04,9.2,28.5,0.0
1405,2012-11-05,11.6,27.3,0.0
1406,2012-11-06,17.8,29.7,0.4
1407,2012-11-07,18.4,20.0,10.6
1408,2012-11-08,16.1,26.1,24.6
1409,2012-11-09,10.3,21.8,1.6
1410,2012-11-10,6.5,22.9,0.0
1411,2012-11-11,8.3,24.5,0.0
1412,2012-11-12,9.3,31.6,0.0
1413,2012-11-13,9.1,24.6,0.0
1414,2012-11-14,9.9,24.6,0.0
1415,2012-11-15,10.0,26.2,0.0
1416,2012-11-16,13.1,24.1,0.0
1417,2012-11-17,9.0,24.2,0.0
1418,2012-11-18,7.2,21.4,0.0
1419,2012-11-19,5.8,25.3,0.0
1420,2012-11-20,8.3,26.9,0.0
1421,2012-11-21,12.3,32.4,0.0
1422,2012-11-22,10.9,27.4,0.0
1423,2012-11-23,11.1,29.0,0.0
1424,2012-11-24,12.4,32.7,0.0
1425,2012-11-25,15.3,36.7,0.0
1426,2012-11-26,16.6,31.9,0.0
1427,2012-11-27,15.9,28.1,0.2
1428,2012-11-28,16.8,32.5,0.4
1429,2012-11-29,17.8,37.4,0.0
1430,2012-11-30,23.0,34.4,0.0
1431,2013-01-01,12.1,34.5,0.0
1432,2013-01-02,13.8,33.6,0.0
1433,2013-01-03,15.8,36.9,0.0
1434,2013-01-04,18.6,40.7,0.0
1435,2013-01-05,19.8,43.4,0.0
1436,2013-01-06,20.9,42.0,12.6
1437,2013-01-07,21.9,40.4,0.0
1438,2013-01-08,21.9,39.2,0.0
1439,2013-01-09,13.3,25.1,0.0
1440,2013-01-10,11.2,32.2,0.0
1441,2013-01-11,14.5,38.8,0.0
1442,2013-01-12,17.0,28.8,0.0
1443,2013-01-13,18.1,22.3,0.0
1444,2013-01-14,8.9,27.1,3.2
1445,2013-01-15,11.2,31.4,0.0
1446,2013-01-16,13.6,36.1,0.0
1447,2013-01-17,15.5,39.9,0.0
1448,2013-01-18,18.9,43.1,0.0
1449,2013-01-19,18.1,32.2,0.8
1450,2013-01-20,16.4,34.6,0.0
1451,2013-01-21,19.2,36.8,0.0
1452,2013-01-22,16.6,36.5,0.2
1453,2013-01-23,15.7,34.0,0.0
1454,2013-01-24,15.9,37.0,0.0
1455,2013-01-25,21.2,35.2,0.0
1456,2013-01-26,21.6,36.5,0.0
1457,2013-01-27,15.3,32.9,0.0
1458,2013-01-28,18.4,34.7,0.0
1459,2013-01-29,20.4,32.1,0.0
1460,2013-01-30,9.9,29.9,0.0
1461,2013-01-31,11.5,33.9,0.0
1462,2013-03-01,16.9,26.6,0.4
1463,2013-03-02,14.3,29.2,0.0
1464,2013-03-03,12.0,31.8,0.0
1465,2013-03-04,12.8,31.0,0.0
1466,2013-03-05,13.5,30.9,0.0
1467,2013-03-06,14.4,31.3,0.0
1468,2013-03-07,16.6,33.8,0.0
1469,2013-03-08,17.9,34.9,0.0
1470,2013-03-09,18.6,33.0,0.0
1471,2013-03-10,19.7,35.1,0.0
1472,2013-03-11,20.1,35.7,0.0
1473,2013-03-12,19.4,33.7,0.0
1474,2013-03-13,17.7,33.9,0.0
1475,2013-03-14,15.5,30.7,0.0
1476,2013-03-15,13.8,31.7,0.0
1477,2013-03-16,12.0,27.5,0.0
1478,2013-03-17,11.1,23.0,0.2
1479,2013-03-18,7.1,24.1,0.0
1480,2013-03-19,9.1,26.3,0.0
1481,2013-03-20,9.9,28.6,0.0
1482,2013-03-21,14.9,20.2,2.6
1483,2013-03-22,10.1,23.3,17.4
1484,2013-03-23,9.0,24.2,0.0
1485,2013-03-24,9.5,28.3,0.0
1486,2013-03-25,10.3,27.7,0.0
1487,2013-03-26,14.9,31.3,0.0
1488,2013-03-27,13.8,35.1,0.0
1489,2013-03-28,18.3,22.2,10.4
1490,2013-03-29,6.6,20.4,19.8
1491,2013-03-30,7.0,21.5,0.2
1492,2013-03-31,10.9,23.0,0.0
1493,2013-04-01,8.4,22.9,0.0
1494,2013-04-02,8.5,23.8,0.0
1495,2013-04-03,8.6,22.5,0.0
1496,2013-04-04,8.9,24.3,0.0
1497,2013-04-05,10.3,25.3,0.0
1498,2013-04-06,11.2,25.7,0.0
1499,2013-04-07,10.0,26.7,0.0
1500,2013-04-08,11.5,26.0,0.0
1501,2013-04-09,10.7,26.6,0.0
1502,2013-04-10,10.3,27.1,0.0
1503,2013-04-11,10.3,27.6,0.0
1504,2013-04-12,11.4,28.2,0.0
1505,2013-04-13,10.4,26.7,0.0
1506,2013-04-14,14.4,24.8,0.0
1507,2013-04-15,14.5,23.6,0.8
1508,2013-04-16,8.3,23.8,0.0
1509,2013-04-17,8.9,22.2,0.0
1510,2013-04-18,8.6,23.9,0.0
1511,2013-04-19,5.1,17.8,0.0
1512,2013-04-20,2.6,20.3,0.0
1513,2013-04-21,4.0,21.1,0.0
1514,2013-04-22,10.6,14.6,7.0
1515,2013-04-23,10.9,20.0,1.6
1516,2013-04-24,6.0,16.9,0.0
1517,2013-04-25,5.7,20.5,0.0
1518,2013-04-26,6.0,21.4,0.0
1519,2013-04-27,5.6,23.1,0.0
1520,2013-04-28,7.9,26.5,0.0
1521,2013-04-29,7.9,15.8,0.2
1522,2013-04-30,8.6,20.4,2.6
1523,2013-05-01,9.3,17.9,0.2
1524,2013-05-02,2.5,18.6,0.0
1525,2013-05-03,1.7,20.6,0.0
1526,2013-05-04,6.6,19.7,0.4
1527,2013-05-05,1.6,17.9,0.0
1528,2013-05-06,2.5,18.6,0.0
1529,2013-05-07,3.9,,0.0
1530,2013-05-08,7.7,21.9,
1531,2013-05-09,4.7,22.3,
1532,2013-05-10,6.2,23.2,
1533,2013-05-11,5.7,23.4,0.0
1534,2013-05-12,5.0,24.2,0.0
1535,2013-05-13,11.3,15.7,9.8
1536,2013-05-14,1.9,11.6,4.6
1537,2013-05-15,6.1,13.7,7.4
1538,2013-05-16,9.1,14.0,1.4
1539,2013-05-17,3.5,14.9,1.6
1540,2013-05-18,1.4,13.1,0.0
1541,2013-05-19,0.6,15.0,0.2
1542,2013-05-20,2.9,14.6,1.4
1543,2013-05-21,5.3,14.9,1.0
1544,2013-05-22,2.8,13.5,0.0
1545,2013-05-23,5.4,17.2,0.0
1546,2013-05-24,1.4,17.4,0.0
1547,2013-05-25,-0.2,16.3,0.0
1548,2013-05-26,1.3,12.8,0.2
1549,2013-05-27,1.1,16.6,0.0
1550,2013-05-28,2.7,18.0,0.2
1551,2013-05-29,4.2,19.3,0.0
1552,2013-05-30,7.8,15.2,0.6
1553,2013-05-31,11.2,17.6,16.0
1554,2013-06-01,10.3,15.4,19.4
1555,2013-06-02,11.4,17.3,53.4
1556,2013-06-03,0.6,14.3,0.2
1557,2013-06-04,1.9,14.5,0.0
1558,2013-06-05,3.5,13.6,0.0
1559,2013-06-06,5.8,15.0,0.4
1560,2013-06-07,8.5,16.9,1.2
1561,2013-06-08,1.7,14.6,1.0
1562,2013-06-09,0.6,13.8,0.2
1563,2013-06-10,3.1,13.8,0.0
1564,2013-06-11,3.4,15.6,0.0
1565,2013-06-12,4.9,11.8,15.0
1566,2013-06-13,10.0,13.4,16.8
1567,2013-06-14,4.3,12.2,3.6
1568,2013-06-15,1.2,15.4,0.2
1569,2013-06-16,-0.2,14.3,0.0
1570,2013-06-17,0.3,10.4,0.2
1571,2013-06-18,3.1,15.5,0.6
1572,2013-06-19,0.8,14.5,0.0
1573,2013-06-20,0.0,14.1,0.0
1574,2013-06-21,-0.5,13.2,0.2
1575,2013-06-22,-1.3,13.9,0.0
1576,2013-06-23,-0.4,14.1,0.0
1577,2013-06-24,2.0,13.1,0.0
1578,2013-06-25,7.8,17.0,1.0
1579,2013-06-26,0.9,16.8,0.0
1580,2013-06-27,-0.1,14.1,0.0
1581,2013-06-28,2.0,16.0,0.0
1582,2013-06-29,4.3,18.4,0.0
1583,2013-06-30,1.4,15.7,0.0
1584,2013-07-01,2.0,12.9,0.0
1585,2013-07-02,7.4,16.0,0.6
1586,2013-07-03,3.1,14.8,0.0
1587,2013-07-04,1.9,15.4,0.2
1588,2013-07-05,8.4,12.2,0.0
1589,2013-07-06,4.8,13.3,1.6
1590,2013-07-07,6.1,13.0,2.2
1591,2013-07-08,4.6,13.9,2.6
1592,2013-07-09,-0.5,12.6,0.0
1593,2013-07-10,3.2,14.9,0.2
1594,2013-07-11,1.7,15.1,0.0
1595,2013-07-12,1.5,15.8,0.0
1596,2013-07-13,5.0,14.8,0.0
1597,2013-07-14,8.0,14.0,5.0
1598,2013-07-15,11.1,14.6,5.0
1599,2013-07-16,10.1,15.5,2.4
1600,2013-07-17,11.1,18.0,2.0
1601,2013-07-18,12.1,20.5,0.0
1602,2013-07-19,13.5,17.3,33.6
1603,2013-07-20,8.3,11.9,4.4
1604,2013-07-21,4.5,11.2,7.2
1605,2013-07-22,4.4,11.7,0.0
1606,2013-07-23,3.4,12.4,0.6
1607,2013-07-24,1.9,14.7,0.0
1608,2013-07-25,0.8,11.3,0.0
1609,2013-07-26,3.5,12.8,0.0
1610,2013-07-27,0.3,13.9,0.0
1611,2013-07-28,3.0,16.1,0.2
1612,2013-07-29,6.2,17.7,5.0
1613,2013-07-30,5.7,13.2,0.2
1614,2013-07-31,5.0,14.5,0.0
1615,2013-08-01,2.8,14.3,0.0
1616,2013-08-02,7.0,15.9,0.0
1617,2013-08-03,4.7,10.4,1.2
1618,2013-08-04,6.3,13.1,1.0
1619,2013-08-05,7.4,13.3,1.6
1620,2013-08-06,8.0,13.6,2.8
1621,2013-08-07,3.4,11.5,0.4
1622,2013-08-08,5.9,15.9,8.2
1623,2013-08-09,2.6,11.2,0.0
1624,2013-08-10,5.7,16.6,2.8
1625,2013-08-11,2.9,15.6,0.0
1626,2013-08-12,5.8,14.9,17.2
1627,2013-08-13,4.6,14.5,1.2
1628,2013-08-14,7.4,18.4,0.0
1629,2013-08-15,1.8,14.1,6.6
1630,2013-08-16,2.1,16.2,0.0
1631,2013-08-17,6.4,14.4,3.8
1632,2013-08-18,4.7,18.3,0.6
1633,2013-08-19,6.6,11.3,6.0
1634,2013-08-20,1.5,10.7,9.8
1635,2013-08-21,2.2,11.0,0.2
1636,2013-08-22,6.4,11.9,4.2
1637,2013-08-23,8.6,12.3,8.8
1638,2013-08-24,6.0,15.0,4.2
1639,2013-08-25,8.1,16.2,0.0
1640,2013-08-26,9.5,17.1,0.0
1641,2013-08-27,8.1,17.8,0.4
1642,2013-08-28,5.4,20.8,0.0
1643,2013-08-29,9.8,20.0,2.8
1644,2013-08-30,10.2,18.5,3.6
1645,2013-08-31,6.1,20.7,0.2
1646,2013-09-01,5.3,22.2,0.0
1647,2013-09-02,7.0,23.8,0.0
1648,2013-09-03,8.0,23.3,0.0
1649,2013-09-04,7.5,23.7,0.0
1650,2013-09-05,11.9,22.6,0.0
1651,2013-09-06,13.6,20.9,0.0
1652,2013-09-07,10.1,19.8,0.0
1653,2013-09-08,4.8,18.8,0.2
1654,2013-09-09,7.9,23.4,0.0
1655,2013-09-10,12.5,17.5,0.0
1656,2013-09-11,6.2,16.0,0.4
1657,2013-09-12,2.4,15.4,0.0
1658,2013-09-13,2.6,14.7,0.0
1659,2013-09-14,6.4,19.3,0.8
1660,2013-09-15,3.7,20.3,0.2
1661,2013-09-16,7.7,13.6,3.2
1662,2013-09-17,10.8,18.4,37.4
1663,2013-09-18,11.2,18.7,0.2
1664,2013-09-19,7.7,14.0,1.2
1665,2013-09-20,7.3,14.9,2.0
1666,2013-09-21,5.2,17.6,0.4
1667,2013-09-22,5.8,20.4,0.2
1668,2013-09-23,6.1,23.9,0.2
1669,2013-09-24,14.2,22.3,0.0
1670,2013-09-25,10.6,24.0,0.2
1671,2013-09-26,10.3,16.7,0.8
1672,2013-09-27,2.6,18.5,3.6
1673,2013-09-28,7.4,16.9,0.0
1674,2013-09-29,3.7,20.0,0.0
1675,2013-09-30,7.0,26.4,0.0
1676,2013-10-01,15.8,17.2,1.6
1677,2013-10-02,3.7,19.7,4.0
1678,2013-10-03,6.8,16.5,1.0
1679,2013-10-04,3.2,18.9,0.0
1680,2013-10-05,5.5,21.7,0.0
1681,2013-10-06,6.2,22.9,0.0
1682,2013-10-07,4.9,20.1,0.0
1683,2013-10-08,5.6,20.6,0.0
1684,2013-10-09,5.6,24.3,0.0
1685,2013-10-10,11.1,26.0,0.0
1686,2013-10-11,,18.5,
1687,2013-10-12,5.2,23.1,0.0
1688,2013-10-13,6.8,24.7,0.0
1689,2013-10-14,4.6,15.5,2.2
1690,2013-10-15,2.5,20.1,0.0
1691,2013-10-16,3.8,25.5,0.0
1692,2013-10-17,11.2,17.7,0.0
1693,2013-10-18,0.8,18.9,0.0
1694,2013-10-19,3.6,24.7,0.0
1695,2013-10-20,7.4,29.7,0.0
1696,2013-10-21,10.8,27.6,0.0
1697,2013-10-22,16.0,26.2,2.8
1698,2013-10-23,13.3,18.2,2.6
1699,2013-10-24,7.9,16.5,0.4
1700,2013-10-25,2.1,17.5,0.0
1701,2013-10-26,5.0,19.7,0.0
1702,2013-10-27,5.3,21.3,0.0
1703,2013-10-28,10.6,24.6,0.0
1704,2013-10-29,9.4,22.6,0.0
1705,2013-10-30,6.0,23.5,0.0
1706,2013-10-31,6.3,25.2,0.0
1707,2013-11-01,7.6,27.9,0.0
1708,2013-11-02,8.6,27.9,0.0
1709,2013-11-03,10.1,21.1,0.0
1710,2013-11-04,3.1,20.3,0.0
1711,2013-11-05,6.3,25.6,0.0
1712,2013-11-06,6.9,29.6,0.0
1713,2013-11-07,8.9,34.3,0.0
1714,2013-11-08,17.7,30.9,0.0
1715,2013-11-09,9.3,21.9,0.0
1716,2013-11-10,10.5,21.3,0.0
1717,2013-11-11,10.6,17.1,5.8
1718,2013-11-12,12.1,18.6,4.4
1719,2013-11-13,10.1,17.2,0.4
1720,2013-11-14,8.2,21.5,0.0
1721,2013-11-15,5.1,25.1,0.0
1722,2013-11-16,12.4,26.0,0.0
1723,2013-11-17,9.1,27.2,0.0
1724,2013-11-18,9.5,28.4,0.0
1725,2013-11-19,10.2,31.1,0.0
1726,2013-11-20,11.3,33.7,0.0
1727,2013-11-21,16.8,27.2,0.0
1728,2013-11-22,10.6,27.1,0.0
1729,2013-11-23,8.1,23.7,0.0
1730,2013-11-24,8.6,26.1,0.0
1731,2013-11-25,11.5,26.7,0.0
1732,2013-11-26,8.2,29.7,0.0
1733,2013-11-27,10.5,32.6,0.0
1734,2013-11-28,14.2,35.4,0.0
1735,2013-11-29,13.1,25.6,0.0
1736,2013-11-30,9.0,27.5,0.0
1737,2013-12-01,9.9,30.4,0.0
1738,2013-12-02,15.6,34.4,0.0
1739,2013-12-03,15.1,37.1,0.0
1740,2013-12-04,21.5,23.7,0.0
1741,2013-12-05,10.1,17.5,29.4
1742,2013-12-06,5.8,20.4,3.2
1743,2013-12-07,7.7,26.1,0.0
1744,2013-12-08,10.2,32.1,0.0
1745,2013-12-09,18.1,30.4,0.0
1746,2013-12-10,12.1,22.4,0.0
1747,2013-12-11,10.9,24.5,0.0
1748,2013-12-12,9.9,27.6,0.0
1749,2013-12-13,11.2,30.2,0.0
1750,2013-12-14,14.4,29.5,0.0
1751,2013-12-15,12.8,31.1,0.0
1752,2013-12-16,15.8,32.9,0.0
1753,2013-12-17,16.9,34.0,0.0
1754,2013-12-18,18.8,37.6,0.0
1755,2013-12-19,19.2,39.7,0.0
1756,2013-12-20,22.2,40.7,0.2
1757,2013-12-21,23.7,40.5,0.0
1758,2013-12-22,25.2,36.4,0.0
1759,2013-12-23,18.3,23.9,5.2
1760,2013-12-24,11.6,29.1,13.0
1761,2013-12-25,15.7,29.1,0.0
1762,2013-12-26,14.9,30.8,0.0
1763,2013-12-27,14.0,32.5,1.4
1764,2013-12-28,14.4,37.1,0.0
1765,2013-12-29,16.1,30.9,0.0
1766,2013-12-30,11.7,30.9,0.0
1767,2013-12-31,10.4,31.4,0.0
1768,2014-01-01,12.0,27.4,0.0
1769,2014-01-02,16.7,27.7,0.0
1770,2014-01-03,18.9,30.6,0.2
1771,2014-01-04,13.1,25.6,0.0
1772,2014-01-05,8.4,29.4,0.0
1773,2014-01-06,12.1,23.7,0.0
1774,2014-01-07,9.8,27.5,0.0
1775,2014-01-08,14.2,30.4,0.0
1776,2014-01-09,16.9,29.0,0.0
1777,2014-01-10,14.4,33.6,1.4
1778,2014-01-11,16.5,36.5,0.0
1779,2014-01-12,18.8,38.9,0.0
1780,2014-01-13,17.1,39.0,0.0
1781,2014-01-14,18.6,41.2,0.0
1782,2014-01-15,21.0,41.8,0.0
1783,2014-01-16,23.0,43.6,0.0
1784,2014-01-17,21.7,42.6,0.0
1785,2014-01-18,22.0,41.2,0.0
1786,2014-01-19,21.3,37.9,0.0
1787,2014-01-20,19.0,34.2,0.0
1788,2014-01-21,17.9,33.2,0.0
1789,2014-01-22,15.8,33.3,0.0
1790,2014-01-23,16.2,34.5,0.0
1791,2014-01-24,20.1,23.4,2.8
1792,2014-01-25,13.3,25.9,31.0
1793,2014-01-26,12.4,29.4,0.0
1794,2014-01-27,14.8,32.7,0.0
1795,2014-01-28,16.4,36.6,0.0
1796,2014-01-29,18.8,40.6,0.0
1797,2014-01-30,20.6,39.7,0.0
1798,2014-01-31,21.8,41.7,0.0
1799,2014-02-01,23.2,41.6,0.0
1800,2014-02-02,20.7,41.1,0.0
1801,2014-02-03,20.5,40.5,0.0
1802,2014-02-04,21.0,31.9,1.2
1803,2014-02-05,16.7,30.9,0.0
1804,2014-02-06,16.6,33.7,0.0
1805,2014-02-07,16.7,36.8,0.0
1806,2014-02-08,18.4,40.1,0.0
1807,2014-02-09,18.8,42.0,0.0
1808,2014-02-10,18.6,36.8,0.0
1809,2014-02-11,13.9,36.9,0.0
1810,2014-02-12,17.0,36.2,0.0
1811,2014-02-13,21.8,31.2,0.0
1812,2014-02-14,21.3,30.6,0.0
1813,2014-02-15,19.2,23.1,21.8
1814,2014-02-16,20.0,31.4,7.0
1815,2014-02-17,13.0,29.9,0.0
1816,2014-02-18,15.3,33.4,0.0
1817,2014-02-19,18.1,32.3,0.0
1818,2014-02-20,11.6,22.8,1.6
1819,2014-02-21,8.4,26.8,0.0
1820,2014-02-22,10.6,29.8,0.0
1821,2014-02-23,13.1,31.4,0.0
1822,2014-02-24,14.5,33.0,0.0
1823,2014-02-25,14.8,34.6,0.0
1824,2014-02-26,17.5,31.4,0.0
1825,2014-02-27,10.8,30.6,0.0
1826,2014-02-28,16.4,27.7,0.0
1827,2014-03-01,17.0,27.2,8.8
1828,2014-03-02,15.8,30.0,0.0
1829,2014-03-03,15.9,32.3,0.0
1830,2014-03-04,15.9,32.2,0.0
1831,2014-03-05,19.7,31.5,0.2
1832,2014-03-06,16.1,32.6,0.2
1833,2014-03-07,10.2,29.1,0.0
1834,2014-03-08,13.3,32.5,0.0
1835,2014-03-09,14.0,31.5,0.0
1836,2014-03-10,14.9,34.5,0.0
1837,2014-03-11,18.6,34.3,0.0
1838,2014-03-12,19.0,30.1,2.8
1839,2014-03-13,12.1,29.1,0.0
1840,2014-03-14,14.4,31.9,0.0
1841,2014-03-15,12.6,31.0,0.0
1842,2014-03-16,13.0,20.0,2.6
1843,2014-03-17,9.4,25.1,0.0
1844,2014-03-18,12.8,27.8,0.0
1845,2014-03-19,9.9,29.5,0.0
1846,2014-03-20,10.3,32.5,0.0
1847,2014-03-21,16.0,30.8,0.0
1848,2014-03-22,14.0,25.5,4.4
1849,2014-03-23,8.6,23.2,0.0
1850,2014-03-24,10.6,20.7,0.0
1851,2014-03-25,13.8,27.3,2.4
1852,2014-03-26,14.4,21.9,0.0
1853,2014-03-27,17.4,26.2,16.6
1854,2014-03-28,17.6,25.8,0.4
1855,2014-03-29,14.6,26.7,0.0
1856,2014-03-30,13.8,19.7,0.4
1857,2014-03-31,11.6,26.7,9.2
1858,2014-04-01,14.6,28.3,0.0
1859,2014-04-02,13.8,28.5,0.0
1860,2014-04-03,17.6,21.6,1.6
1861,2014-04-04,14.9,19.6,9.0
1862,2014-04-05,14.5,23.3,16.8
1863,2014-04-06,11.5,25.2,0.0
1864,2014-04-07,12.8,24.9,0.0
1865,2014-04-08,12.4,25.0,0.0
1866,2014-04-09,15.8,18.2,5.0
1867,2014-04-10,15.7,17.6,12.4
1868,2014-04-11,16.4,24.0,66.2
1869,2014-04-12,10.9,23.8,0.4
1870,2014-04-13,12.1,23.9,0.0
1871,2014-04-14,13.0,21.0,0.0
1872,2014-04-15,8.2,22.4,0.0
1873,2014-04-16,8.7,21.8,0.0
1874,2014-04-17,7.0,22.4,0.0
1875,2014-04-18,7.9,21.5,0.0
1876,2014-04-19,4.3,18.1,0.4
1877,2014-04-20,3.8,16.4,0.0
1878,2014-04-21,4.0,17.4,0.0
1879,2014-04-22,8.2,22.2,0.0
1880,2014-04-23,12.3,22.5,1.6
1881,2014-04-24,9.2,20.9,0.0
1882,2014-04-25,5.3,22.5,0.0
1883,2014-04-26,11.1,22.8,0.0
1884,2014-04-27,5.3,21.1,0.0
1885,2014-04-28,7.8,22.9,0.0
1886,2014-04-29,10.4,22.6,0.0
1887,2014-04-30,10.5,18.1,15.0
1888,2014-05-01,5.5,17.3,0.0
1889,2014-05-02,5.1,14.5,0.0
1890,2014-05-03,8.4,12.0,3.8
1891,2014-05-04,7.9,15.1,0.4
1892,2014-05-05,9.1,15.0,0.0
1893,2014-05-06,9.6,16.4,0.2
1894,2014-05-07,3.2,16.3,0.0
1895,2014-05-08,2.3,16.6,0.0
1896,2014-05-09,3.3,17.8,0.0
1897,2014-05-10,8.9,13.9,2.6
1898,2014-05-11,8.1,18.0,11.4
1899,2014-05-12,6.1,19.3,0.0
1900,2014-05-13,4.9,18.1,0.2
1901,2014-05-14,4.9,18.8,0.0
1902,2014-05-15,6.1,18.5,0.0
1903,2014-05-16,6.6,20.2,0.0
1904,2014-05-17,6.5,19.5,0.0
1905,2014-05-18,9.2,18.7,0.0
1906,2014-05-19,7.8,19.6,0.0
1907,2014-05-20,10.1,20.5,4.2
1908,2014-05-21,9.4,20.3,0.0
1909,2014-05-22,8.5,18.9,0.2
1910,2014-05-23,8.1,20.4,0.2
1911,2014-05-24,11.0,19.1,1.4
1912,2014-05-25,7.7,18.8,0.0
1913,2014-05-26,8.8,22.2,0.2
1914,2014-05-27,12.4,17.5,0.6
1915,2014-05-28,10.6,14.0,36.4
1916,2014-05-29,8.8,17.5,0.4
1917,2014-05-30,6.7,18.5,0.0
1918,2014-05-31,5.5,18.7,0.0
1919,2014-06-01,10.0,14.0,8.2
1920,2014-06-02,10.1,15.8,2.2
1921,2014-06-03,11.4,13.8,0.6
1922,2014-06-04,11.0,14.6,1.4
1923,2014-06-05,6.3,15.6,
1924,2014-06-06,4.7,16.0,0.2
1925,2014-06-07,2.6,16.0,0.0
1926,2014-06-08,1.0,14.9,0.0
1927,2014-06-09,1.2,18.0,0.0
1928,2014-06-10,2.5,16.8,0.0
1929,2014-06-11,1.7,14.9,0.0
1930,2014-06-12,3.8,16.6,0.0
1931,2014-06-13,7.9,12.2,3.6
1932,2014-06-14,8.2,15.2,17.4
1933,2014-06-15,6.6,16.4,1.0
1934,2014-06-16,1.7,11.7,0.0
1935,2014-06-17,5.7,13.8,6.8
1936,2014-06-18,4.2,11.3,0.0
1937,2014-06-19,5.4,11.2,0.0
1938,2014-06-20,3.2,16.5,0.0
1939,2014-06-21,6.9,15.1,0.4
1940,2014-06-22,3.6,14.4,0.2
1941,2014-06-23,5.8,12.2,0.0
1942,2014-06-24,5.7,12.2,8.6
1943,2014-06-25,5.8,13.2,7.6
1944,2014-06-26,9.2,14.6,1.4
1945,2014-06-27,8.4,14.4,0.4
1946,2014-06-28,9.0,12.4,1.4
1947,2014-06-29,6.4,10.7,5.0
1948,2014-06-30,2.0,10.1,1.2
1949,2014-07-01,4.9,11.1,1.0
1950,2014-07-02,5.5,12.2,0.0
1951,2014-07-03,4.7,13.9,0.0
1952,2014-07-04,3.6,13.9,0.2
1953,2014-07-05,4.1,11.1,1.8
1954,2014-07-06,7.2,9.6,0.0
1955,2014-07-07,4.8,10.7,0.0
1956,2014-07-08,6.1,13.3,0.0
1957,2014-07-09,5.0,11.6,3.8
1958,2014-07-10,6.7,10.5,9.8
1959,2014-07-11,7.1,11.3,0.4
1960,2014-07-12,7.4,12.3,4.4
1961,2014-07-13,-0.5,11.8,0.0
1962,2014-07-14,-0.9,12.6,0.2
1963,2014-07-15,3.5,11.3,0.2
1964,2014-07-16,6.0,14.2,7.8
1965,2014-07-17,8.1,12.4,2.0
1966,2014-07-18,3.4,13.2,6.6
1967,2014-07-19,-1.7,15.1,0.0
1968,2014-07-20,-2.1,13.7,0.0
1969,2014-07-21,0.3,13.2,0.0
1970,2014-07-22,-1.3,13.8,0.2
1971,2014-07-23,-1.5,14.6,0.0
1972,2014-07-24,1.0,12.4,0.0
1973,2014-07-25,2.2,17.8,1.8
1974,2014-07-26,4.2,13.6,0.2
1975,2014-07-27,6.7,12.7,0.0
1976,2014-07-28,2.7,15.0,0.2
1977,2014-07-29,3.0,16.9,0.0
1978,2014-07-30,7.9,15.4,0.0
1979,2014-07-31,8.9,19.7,0.4
1980,2014-08-01,4.7,8.7,1.0
1981,2014-08-02,-1.1,11.5,2.2
1982,2014-08-03,-1.7,12.7,0.2
1983,2014-08-04,-1.8,14.0,0.0
1984,2014-08-05,-2.8,13.5,0.0
1985,2014-08-06,0.1,10.5,0.2
1986,2014-08-07,3.6,14.6,0.0
1987,2014-08-08,2.0,13.8,0.0
1988,2014-08-09,1.7,14.2,0.0
1989,2014-08-10,5.5,14.6,0.0
1990,2014-08-11,-1.3,12.0,0.2
1991,2014-08-12,-1.7,14.1,0.0
1992,2014-08-13,-1.5,14.6,0.0
1993,2014-08-14,-0.7,16.2,0.0
1994,2014-08-15,0.3,17.0,0.0
1995,2014-08-16,0.9,15.3,0.0
1996,2014-08-17,6.6,11.6,0.0
1997,2014-08-18,7.6,18.3,6.6
1998,2014-08-19,4.0,18.7,0.0
1999,2014-08-20,2.0,16.3,0.0
2000,2014-08-21,2.3,17.5,0.0
2001,2014-08-22,2.6,18.5,0.0
2002,2014-08-23,2.9,19.8,0.0
2003,2014-08-24,3.8,17.8,0.0
2004,2014-08-25,2.0,17.3,0.0
2005,2014-08-26,4.7,20.2,0.0
2006,2014-08-27,3.5,19.1,0.0
2007,2014-08-28,2.3,18.7,0.0
2008,2014-08-29,2.5,19.3,0.0
2009,2014-08-30,2.3,18.8,0.0
2010,2014-08-31,2.8,19.6,0.0
2011,2014-09-01,4.6,20.5,0.0
2012,2014-09-02,6.6,15.6,1.0
2013,2014-09-03,-0.6,15.4,0.6
2014,2014-09-04,0.2,16.3,0.0
2015,2014-09-05,2.3,18.0,0.0
2016,2014-09-06,3.3,18.8,0.0
2017,2014-09-07,2.2,20.3,0.0
2018,2014-09-08,3.7,20.3,0.0
2019,2014-09-09,11.7,18.4,0.2
2020,2014-09-10,7.7,16.5,12.4
2021,2014-09-11,10.1,17.8,0.0
2022,2014-09-12,1.7,17.4,0.0
2023,2014-09-13,2.6,19.3,0.0
2024,2014-09-14,3.2,20.1,0.0
2025,2014-09-15,4.8,20.7,0.0
2026,2014-09-16,7.8,19.0,0.0
2027,2014-09-17,6.8,16.1,0.2
2028,2014-09-18,3.8,15.0,0.0
2029,2014-09-19,1.1,16.6,0.0
2030,2014-09-20,2.9,18.9,0.0
2031,2014-09-21,3.4,,0.0
2032,2014-09-22,,,
2033,2014-09-23,,24.1,
2034,2014-09-24,7.8,19.8,
2035,2014-09-25,12.7,21.8,41.0
2036,2014-09-26,6.8,17.8,0.6
2037,2014-09-27,5.3,20.6,0.0
2038,2014-09-28,7.3,24.1,0.0
2039,2014-09-29,11.3,21.9,0.0
2040,2014-09-30,7.3,24.3,0.0
2041,2014-10-01,5.3,16.3,0.0
2042,2014-10-02,3.8,18.4,0.0
2043,2014-10-03,4.9,22.8,
2044,2014-10-04,5.8,23.5,0.0
2045,2014-10-05,8.6,28.3,0.0
2046,2014-10-06,12.9,29.9,0.0
2047,2014-10-07,11.7,18.6,9.6
2048,2014-10-08,5.1,18.6,0.0
2049,2014-10-09,5.7,21.5,0.0
2050,2014-10-10,7.6,23.6,0.0
2051,2014-10-11,7.1,27.4,0.0
2052,2014-10-12,8.2,30.3,0.0
2053,2014-10-13,14.8,19.3,3.4
2054,2014-10-14,7.3,18.1,3.2
2055,2014-10-15,2.9,19.5,0.2
2056,2014-10-16,3.5,19.3,0.2
2057,2014-10-17,5.1,20.3,0.0
2058,2014-10-18,5.3,23.1,0.0
2059,2014-10-19,8.2,26.8,0.0
2060,2014-10-20,10.7,26.9,0.0
2061,2014-10-21,9.5,26.3,0.0
2062,2014-10-22,10.8,29.0,0.0
2063,2014-10-23,14.5,32.1,0.0
2064,2014-10-24,16.9,32.9,0.0
2065,2014-10-25,11.9,32.4,0.0
2066,2014-10-26,11.8,29.1,0.0
2067,2014-10-27,14.3,22.0,0.2
2068,2014-10-28,6.4,19.9,1.0
2069,2014-10-29,7.6,24.4,0.0
2070,2014-10-30,8.9,29.0,1.8
2071,2014-10-31,9.1,33.8,0.0
2072,2014-11-01,15.2,21.7,0.0
2073,2014-11-02,5.5,19.1,5.0
2074,2014-11-03,5.8,24.4,0.0
2075,2014-11-04,9.6,27.9,0.0
2076,2014-11-05,12.0,26.0,0.0
2077,2014-11-06,7.8,25.8,0.0
2078,2014-11-07,9.2,29.9,0.0
2079,2014-11-08,11.1,34.0,0.0
2080,2014-11-09,13.6,30.7,0.0
2081,2014-11-10,10.0,29.3,0.0
2082,2014-11-11,9.4,29.3,0.0
2083,2014-11-12,9.9,30.5,0.0
2084,2014-11-13,12.7,33.2,0.0
2085,2014-11-14,14.2,37.9,0.0
2086,2014-11-15,17.5,24.3,0.0
2087,2014-11-16,14.6,21.1,24.4
2088,2014-11-17,8.3,22.4,0.2
2089,2014-11-18,9.4,26.6,0.0
2090,2014-11-19,10.4,29.7,0.0
2091,2014-11-20,11.8,34.6,0.0
2092,2014-11-21,18.5,29.5,0.0
2093,2014-11-22,12.6,33.2,0.0
2094,2014-11-23,17.3,36.2,0.6
2095,2014-11-24,19.8,26.6,0.0
2096,2014-11-25,10.1,22.8,27.0
2097,2014-11-26,9.7,26.0,0.2
2098,2014-11-27,12.8,28.3,0.0
2099,2014-11-28,12.5,29.8,0.0
2100,2014-11-29,14.7,32.3,0.0
2101,2014-11-30,20.6,32.7,0.0
2102,2014-12-01,20.5,32.4,0.0
2103,2014-12-02,15.5,33.2,13.2
2104,2014-12-03,14.8,25.8,0.0
2105,2014-12-04,17.5,30.2,13.4
2106,2014-12-05,17.2,28.9,0.0
2107,2014-12-06,16.0,26.3,0.8
2108,2014-12-07,15.7,23.7,4.4
2109,2014-12-08,13.9,27.7,1.4
2110,2014-12-09,13.9,31.2,0.0
2111,2014-12-10,15.0,29.7,0.0
2112,2014-12-11,15.8,27.4,1.4
2113,2014-12-12,12.9,27.5,0.0
2114,2014-12-13,13.0,29.1,0.0
2115,2014-12-14,13.1,29.1,0.0
2116,2014-12-15,14.2,35.6,0.0
2117,2014-12-16,20.3,34.9,0.4
2118,2014-12-17,11.7,26.4,0.0
2119,2014-12-18,10.5,29.3,0.0
2120,2014-12-19,10.2,25.0,0.0
2121,2014-12-20,11.1,30.0,0.0
2122,2014-12-21,14.1,33.6,0.0
2123,2014-12-22,17.5,35.5,0.0
2124,2014-12-23,21.2,33.4,0.6
2125,2014-12-24,18.0,33.7,0.4
2126,2014-12-25,14.4,32.2,0.0
2127,2014-12-26,15.1,25.7,0.0
2128,2014-12-27,9.9,28.9,0.0
2129,2014-12-28,16.2,31.7,0.0
2130,2014-12-29,17.7,33.7,0.0
2131,2014-12-30,12.0,27.0,1.4
2132,2014-12-31,10.1,30.6,0.0
2133,2015-01-01,11.4,33.5,0.0
2134,2015-01-02,15.5,39.6,0.0
2135,2015-01-03,17.1,38.3,0.0
2136,2015-01-04,26.0,33.1,0.0
2137,2015-01-05,19.0,35.2,0.0
2138,2015-01-06,20.5,36.1,0.0
2139,2015-01-07,20.3,36.5,0.0
2140,2015-01-08,20.7,34.1,0.0
2141,2015-01-09,20.4,26.4,5.4
2142,2015-01-10,19.7,21.7,7.0
2143,2015-01-11,18.4,30.6,12.6
2144,2015-01-12,17.6,33.1,0.2
2145,2015-01-13,18.1,27.0,0.0
2146,2015-01-14,17.9,28.1,46.8
2147,2015-01-15,13.5,28.3,0.4
2148,2015-01-16,11.4,28.4,0.0
2149,2015-01-17,15.8,27.6,0.0
2150,2015-01-18,12.1,28.0,0.0
2151,2015-01-19,14.7,28.6,0.0
2152,2015-01-20,14.4,31.1,0.0
2153,2015-01-21,18.1,28.8,8.4
2154,2015-01-22,17.7,33.7,0.0
2155,2015-01-23,20.2,36.0,0.0
2156,2015-01-24,20.1,30.8,15.8
2157,2015-01-25,18.0,26.9,0.2
2158,2015-01-26,11.5,26.0,0.0
2159,2015-01-27,15.4,28.9,0.0
2160,2015-01-28,16.6,27.5,0.0
2161,2015-01-29,14.0,25.0,0.0
2162,2015-01-30,9.2,24.0,0.0
2163,2015-01-31,10.5,26.8,0.0
2164,2015-02-01,13.8,28.5,0.0
2165,2015-02-02,16.9,29.0,0.0
2166,2015-02-03,13.6,29.8,0.0
2167,2015-02-04,15.2,29.5,0.0
2168,2015-02-05,15.0,31.4,0.0
2169,2015-02-06,15.7,33.1,0.0
2170,2015-02-07,16.9,33.5,0.0
2171,2015-02-08,19.6,38.8,0.2
2172,2015-02-09,20.4,36.1,0.0
2173,2015-02-10,18.3,34.0,0.0
2174,2015-02-11,20.3,35.8,0.0
2175,2015-02-12,17.8,31.9,9.8
2176,2015-02-13,18.3,32.0,0.0
2177,2015-02-14,19.3,24.7,0.2
2178,2015-02-15,16.9,30.9,10.6
2179,2015-02-16,19.7,34.9,0.0
2180,2015-02-17,20.5,33.9,0.0
2181,2015-02-18,19.7,28.2,0.0
2182,2015-02-19,18.0,33.1,6.0
2183,2015-02-20,19.0,33.3,0.2
2184,2015-02-21,18.4,34.6,0.0
2185,2015-02-22,19.0,34.5,0.0
2186,2015-02-23,18.4,35.9,0.0
2187,2015-02-24,17.5,29.5,8.0
2188,2015-02-25,17.6,30.3,0.2
2189,2015-02-26,18.0,29.8,0.0
2190,2015-02-27,14.5,31.5,0.0
2191,2015-02-28,18.1,35.1,0.0
2192,2015-03-01,19.3,28.6,1.4
2193,2015-03-02,12.1,28.6,0.2
2194,2015-03-03,16.5,32.0,0.0
2195,2015-03-04,12.7,30.4,0.0
2196,2015-03-05,15.1,23.4,0.0
2197,2015-03-06,11.2,22.3,0.0
2198,2015-03-07,10.0,25.2,0.0
2199,2015-03-08,11.3,30.3,0.0
2200,2015-03-09,10.9,29.5,0.0
2201,2015-03-10,12.6,30.0,0.0
2202,2015-03-11,9.3,31.7,0.0
2203,2015-03-12,11.8,28.9,0.0
2204,2015-03-13,14.5,27.6,0.0
2205,2015-03-14,10.2,29.0,0.0
2206,2015-03-15,12.7,28.3,0.0
2207,2015-03-16,10.0,27.9,0.0
2208,2015-03-17,14.5,29.6,0.0
2209,2015-03-18,16.6,28.3,2.8
2210,2015-03-19,12.7,33.6,0.0
2211,2015-03-20,16.6,26.8,0.0
2212,2015-03-21,13.2,27.3,0.0
2213,2015-03-22,10.8,30.7,0.0
2214,2015-03-23,16.4,31.9,0.0
2215,2015-03-24,14.5,25.1,0.4
2216,2015-03-25,7.9,24.6,0.0
2217,2015-03-26,7.8,19.4,0.0
2218,2015-03-27,10.3,20.9,0.0
2219,2015-03-28,5.5,23.9,0.0
2220,2015-03-29,5.8,25.8,0.0
2221,2015-03-30,8.6,28.2,0.0
2222,2015-03-31,9.0,29.4,0.0
2223,2015-04-01,10.4,29.1,0.0
2224,2015-04-02,15.1,26.4,0.0
2225,2015-04-03,8.7,26.8,0.0
2226,2015-04-04,11.5,23.8,0.0
2227,2015-04-05,15.5,24.3,0.6
2228,2015-04-06,10.8,21.1,0.0
2229,2015-04-07,11.8,19.9,8.8
2230,2015-04-08,10.9,22.3,4.0
2231,2015-04-09,7.3,22.1,0.0
2232,2015-04-10,7.6,24.2,0.0
2233,2015-04-11,8.2,23.7,0.0
2234,2015-04-12,11.8,26.5,0.0
2235,2015-04-13,8.3,25.5,0.0
2236,2015-04-14,10.3,21.8,0.0
2237,2015-04-15,12.7,24.2,3.0
2238,2015-04-16,10.7,26.6,1.4
2239,2015-04-17,15.1,17.7,0.2
2240,2015-04-18,15.2,19.9,35.8
2241,2015-04-19,9.9,17.4,15.8
2242,2015-04-20,6.9,18.2,0.2
2243,2015-04-21,10.4,19.4,0.0
2244,2015-04-22,5.9,23.1,0.0
2245,2015-04-23,12.7,24.0,0.2
2246,2015-04-24,15.2,20.0,3.6
2247,2015-04-25,10.0,16.0,7.0
2248,2015-04-26,7.1,19.7,2.6
2249,2015-04-27,5.8,17.8,0.2
2250,2015-04-28,3.6,18.5,0.0
2251,2015-04-29,4.4,19.6,0.0
2252,2015-04-30,4.7,20.9,0.0
2253,2015-05-01,6.4,22.5,0.0
2254,2015-05-02,7.7,20.7,0.0
2255,2015-05-03,7.5,23.7,0.0
2256,2015-05-04,5.0,22.3,0.0
2257,2015-05-05,5.5,20.5,0.0
2258,2015-05-06,2.7,15.5,0.0
2259,2015-05-07,6.7,14.7,0.2
2260,2015-05-08,6.1,13.8,0.0
2261,2015-05-09,9.9,15.4,0.8
2262,2015-05-10,10.4,14.3,2.8
2263,2015-05-11,9.9,18.0,9.2
2264,2015-05-12,11.2,17.2,0.8
2265,2015-05-13,4.5,13.5,0.6
2266,2015-05-14,2.6,15.8,0.0
2267,2015-05-15,2.3,17.8,0.0
2268,2015-05-16,3.2,18.9,0.0
2269,2015-05-17,2.4,18.0,0.2
2270,2015-05-18,2.3,19.2,0.0
2271,2015-05-19,6.7,17.4,3.4
2272,2015-05-20,10.3,17.6,12.8
2273,2015-05-21,6.1,15.0,0.0
2274,2015-05-22,8.0,16.9,0.0
2275,2015-05-23,1.4,16.6,0.0
2276,2015-05-24,-0.2,13.9,0.0
2277,2015-05-25,2.6,15.2,0.0
2278,2015-05-26,2.0,13.8,0.0
2279,2015-05-27,5.7,14.7,0.2
2280,2015-05-28,7.4,18.7,3.2
2281,2015-05-29,9.1,15.8,11.2
2282,2015-05-30,5.0,15.4,0.0
2283,2015-05-31,8.4,14.5,0.0
2284,2015-06-01,3.8,11.5,2.4
2285,2015-06-02,-1.4,12.5,0.0
2286,2015-06-03,-1.2,12.6,0.0
2287,2015-06-04,-1.2,9.9,0.2
2288,2015-06-05,2.6,13.3,6.4
2289,2015-06-06,0.8,13.2,0.2
2290,2015-06-07,2.3,10.9,0.0
2291,2015-06-08,1.0,16.7,0.2
2292,2015-06-09,4.3,15.0,0.0
2293,2015-06-10,-1.0,13.4,0.0
2294,2015-06-11,0.7,15.2,0.0
2295,2015-06-12,-0.8,15.2,0.2
2296,2015-06-13,0.3,15.3,0.0
2297,2015-06-14,2.4,15.7,0.0
2298,2015-06-15,1.8,14.0,0.2
2299,2015-06-16,5.9,14.4,14.6
2300,2015-06-17,11.3,12.6,11.6
2301,2015-06-18,9.9,11.1,22.4
2302,2015-06-19,5.8,13.7,16.4
2303,2015-06-20,-0.9,12.2,0.2
2304,2015-06-21,-1.5,12.1,0.0
2305,2015-06-22,-1.2,11.3,0.0
2306,2015-06-23,1.4,16.8,0.0
2307,2015-06-24,7.0,14.0,7.2
2308,2015-06-25,8.2,13.4,1.0
2309,2015-06-26,1.8,14.3,0.2
2310,2015-06-27,2.3,13.2,0.0
2311,2015-06-28,5.6,12.4,0.2
2312,2015-06-29,0.4,15.0,0.0
2313,2015-06-30,1.0,8.6,0.0
2314,2015-07-01,2.9,10.6,0.0
2315,2015-07-02,4.6,12.1,0.8
2316,2015-07-03,-2.1,11.0,0.8
2317,2015-07-04,1.1,11.6,0.0
2318,2015-07-05,0.7,11.8,0.0
2319,2015-07-06,3.6,10.0,0.0
2320,2015-07-07,4.8,14.8,0.0
2321,2015-07-08,0.1,14.8,0.0
2322,2015-07-09,-0.5,13.2,0.0
2323,2015-07-10,3.3,14.2,1.8
2324,2015-07-11,8.0,13.9,2.4
2325,2015-07-12,5.1,11.3,5.4
2326,2015-07-13,5.9,13.7,2.8
2327,2015-07-14,5.0,9.1,0.0
2328,2015-07-15,4.4,6.8,10.0
2329,2015-07-16,2.9,11.9,4.4
2330,2015-07-17,-1.4,11.5,0.2
2331,2015-07-18,-1.6,12.4,0.0
2332,2015-07-19,-1.5,13.0,0.0
2333,2015-07-20,-1.6,13.7,0.0
2334,2015-07-21,-0.3,15.9,0.0
2335,2015-07-22,4.5,13.5,3.0
2336,2015-07-23,7.5,16.9,2.8
2337,2015-07-24,2.2,12.8,0.2
2338,2015-07-25,6.5,13.6,5.8
2339,2015-07-26,8.2,11.8,3.0
2340,2015-07-27,0.7,9.5,0.0
2341,2015-07-28,1.4,13.8,0.0
2342,2015-07-29,1.0,12.2,0.0
2343,2015-07-30,3.3,12.5,0.0
2344,2015-07-31,7.2,13.8,0.2
2345,2015-08-01,3.8,10.3,1.2
2346,2015-08-02,7.2,11.9,27.2
2347,2015-08-03,7.5,11.7,2.6
2348,2015-08-04,-2.4,8.6,1.4
2349,2015-08-05,2.2,11.5,4.2
2350,2015-08-06,2.0,10.9,1.4
2351,2015-08-07,5.0,12.6,1.4
2352,2015-08-08,1.3,14.0,0.0
2353,2015-08-09,0.8,11.0,0.0
2354,2015-08-10,3.8,15.1,0.0
2355,2015-08-11,3.0,14.2,1.8
2356,2015-08-12,1.8,9.0,0.0
2357,2015-08-13,1.7,12.3,5.4
2358,2015-08-14,4.2,12.8,0.0
2359,2015-08-15,2.1,17.0,0.0
2360,2015-08-16,1.7,15.9,0.2
2361,2015-08-17,5.5,14.2,0.0
2362,2015-08-18,-0.9,12.7,0.0
2363,2015-08-19,-0.1,13.0,0.0
2364,2015-08-20,0.4,16.8,0.2
2365,2015-08-21,2.0,16.4,0.0
2366,2015-08-22,7.9,20.7,1.4
2367,2015-08-23,8.9,17.7,0.8
2368,2015-08-24,7.5,13.5,0.0
2369,2015-08-25,8.8,11.7,15.2
2370,2015-08-26,5.8,15.0,15.2
2371,2015-08-27,9.8,15.8,10.6
2372,2015-08-28,4.2,16.2,0.0
2373,2015-08-29,1.2,13.7,0.0
2374,2015-08-30,1.5,15.5,0.2
2375,2015-08-31,2.2,15.0,0.0
2376,2015-09-01,1.1,14.9,0.0
2377,2015-09-02,1.9,17.6,0.0
2378,2015-09-03,7.5,17.9,23.0
2379,2015-09-04,3.4,17.5,1.2
2380,2015-09-05,3.2,17.6,0.0
2381,2015-09-06,5.2,16.4,0.0
2382,2015-09-07,8.2,13.6,1.6
2383,2015-09-08,6.1,14.9,1.0
2384,2015-09-09,0.7,17.5,0.2
2385,2015-09-10,4.9,19.0,0.2
2386,2015-09-11,3.9,19.4,0.0
2387,2015-09-12,6.0,21.1,0.0
2388,2015-09-13,6.6,23.2,0.0
2389,2015-09-14,7.3,24.1,0.0
2390,2015-09-15,13.3,18.0,0.0
2391,2015-09-16,2.5,16.7,0.0
2392,2015-09-17,3.7,17.9,0.0
2393,2015-09-18,3.6,19.2,0.0
2394,2015-09-19,6.1,20.4,0.0
2395,2015-09-20,5.6,21.5,0.0
2396,2015-09-21,6.4,20.9,0.0
2397,2015-09-22,6.2,16.3,0.2
2398,2015-09-23,-0.2,14.9,0.0
2399,2015-09-24,1.7,16.9,0.0
2400,2015-09-25,2.9,19.0,0.0
2401,2015-09-26,4.5,20.1,0.0
2402,2015-09-27,4.3,21.3,0.0
2403,2015-09-28,4.8,22.6,0.0
2404,2015-09-29,6.8,20.1,0.0
2405,2015-09-30,3.1,19.7,0.0
2406,2015-10-01,3.7,21.1,0.0
2407,2015-10-02,4.8,24.6,0.0
2408,2015-10-03,6.9,27.1,0.0
2409,2015-10-04,9.6,29.4,0.0
2410,2015-10-05,10.1,31.0,0.0
2411,2015-10-06,10.0,34.1,0.0
2412,2015-10-07,12.0,24.3,0.0
2413,2015-10-08,10.2,23.1,0.0
2414,2015-10-09,10.3,27.8,0.0
2415,2015-10-10,13.2,29.7,0.0
2416,2015-10-11,15.4,22.1,0.4
2417,2015-10-12,10.7,24.4,1.8
2418,2015-10-13,8.7,24.2,0.0
2419,2015-10-14,10.0,27.1,0.4
2420,2015-10-15,10.5,32.4,0.0
2421,2015-10-16,13.1,29.6,0.0
2422,2015-10-17,16.0,29.0,0.0
2423,2015-10-18,8.6,27.5,0.0
2424,2015-10-19,8.3,29.2,0.0
2425,2015-10-20,11.3,31.8,0.0
2426,2015-10-21,16.6,24.7,1.6
2427,2015-10-22,13.3,25.2,0.8
2428,2015-10-23,14.1,24.6,0.2
2429,2015-10-24,10.3,26.6,0.0
2430,2015-10-25,10.0,30.5,0.0
2431,2015-10-26,17.4,25.9,0.0
2432,2015-10-27,13.6,25.3,0.0
2433,2015-10-28,6.2,25.5,0.0
2434,2015-10-29,9.3,27.9,0.0
2435,2015-10-30,9.7,28.1,0.0
2436,2015-10-31,17.1,21.7,5.4
2437,2015-11-01,15.0,27.3,15.2
2438,2015-11-02,15.9,27.1,22.8
2439,2015-11-03,12.3,26.8,0.2
2440,2015-11-04,14.7,28.7,0.0
2441,2015-11-05,16.6,21.6,6.6
2442,2015-11-06,15.2,25.1,4.2
2443,2015-11-07,12.1,23.4,1.8
2444,2015-11-08,9.2,25.7,0.0
2445,2015-11-09,12.0,29.6,0.0
2446,2015-11-10,15.8,32.3,0.0
2447,2015-11-11,17.8,28.3,0.0
2448,2015-11-12,17.9,28.2,10.6
2449,2015-11-13,15.9,27.5,4.8
2450,2015-11-14,13.8,26.2,0.0
2451,2015-11-15,12.4,25.9,0.0
2452,2015-11-16,11.6,26.7,0.0
2453,2015-11-17,12.3,31.0,0.0
2454,2015-11-18,13.3,33.5,0.0
2455,2015-11-19,18.1,37.2,0.0
2456,2015-11-20,17.8,34.3,0.0
2457,2015-11-21,12.4,26.6,0.0
2458,2015-11-22,9.6,28.3,0.0
2459,2015-11-23,9.9,26.7,0.0
2460,2015-11-24,10.2,28.7,0.0
2461,2015-11-25,10.0,33.8,0.0
2462,2015-11-26,17.9,21.3,0.0
2463,2015-11-27,5.7,21.8,0.0
2464,2015-11-28,8.1,28.3,0.0
2465,2015-11-29,12.2,27.0,0.0
2466,2015-11-30,10.0,31.6,0.0
2467,2015-12-01,17.7,30.1,0.0
2468,2015-12-02,9.9,22.5,0.2
2469,2015-12-03,9.6,29.3,0.0
2470,2015-12-04,13.4,32.0,0.0
2471,2015-12-05,14.4,34.1,0.0
2472,2015-12-06,17.9,36.5,0.0
2473,2015-12-07,21.6,33.6,0.0
2474,2015-12-08,21.1,30.7,0.8
2475,2015-12-09,19.7,30.7,10.2
2476,2015-12-10,14.2,31.5,0.0
2477,2015-12-11,15.3,27.0,0.0
2478,2015-12-12,8.9,24.6,0.0
2479,2015-12-13,9.4,27.9,0.0
2480,2015-12-14,11.3,34.8,0.0
2481,2015-12-15,15.6,33.2,0.0
2482,2015-12-16,15.5,34.3,0.0
2483,2015-12-17,16.7,34.1,0.0
2484,2015-12-18,16.5,37.1,0.0
2485,2015-12-19,20.8,40.0,0.0
2486,2015-12-20,19.7,41.5,0.0
2487,2015-12-21,18.0,25.3,10.0
2488,2015-12-22,17.0,30.3,0.0
2489,2015-12-23,17.7,30.0,0.0
2490,2015-12-24,15.3,31.6,0.0
2491,2015-12-25,17.7,32.0,0.0
2492,2015-12-26,18.8,23.1,3.2
2493,2015-12-27,10.2,25.0,9.8
2494,2015-12-28,12.8,28.2,0.0
2495,2015-12-29,13.2,32.3,0.0
2496,2015-12-30,15.7,34.3,0.0
2497,2015-12-31,17.3,36.6,0.0
2498,2016-01-01,20.4,37.6,0.0
2499,2016-01-02,20.9,33.6,0.4
2500,2016-01-03,18.4,23.1,2.2
2501,2016-01-04,17.3,23.7,15.6
2502,2016-01-05,15.5,22.9,6.8
2503,2016-01-06,17.0,28.1,0.2
2504,2016-01-07,16.4,28.0,0.0
2505,2016-01-08,14.3,31.7,0.0
2506,2016-01-09,16.7,35.0,0.0
2507,2016-01-10,17.8,37.0,0.0
2508,2016-01-11,17.7,39.2,0.0
2509,2016-01-12,20.6,38.9,0.0
2510,2016-01-13,20.2,43.0,0.0
2511,2016-01-14,26.8,30.2,0.0
2512,2016-01-15,10.4,25.2,0.0
2513,2016-01-16,10.7,29.4,0.0
2514,2016-01-17,14.5,30.6,0.0
2515,2016-01-18,14.4,33.5,0.0
2516,2016-01-19,16.1,40.0,0.0
2517,2016-01-20,23.4,33.9,0.0
2518,2016-01-21,20.4,38.0,0.0
2519,2016-01-22,22.8,28.1,0.0
2520,2016-01-23,17.0,31.3,12.6
2521,2016-01-24,16.6,33.2,0.0
2522,2016-01-25,18.1,32.8,0.0
2523,2016-01-26,18.7,34.2,0.0
2524,2016-01-27,18.5,25.7,19.4
2525,2016-01-28,17.7,31.7,4.2
2526,2016-01-29,17.1,24.2,0.0
2527,2016-01-30,10.0,28.1,0.0
2528,2016-01-31,13.8,24.2,7.0
2529,2016-02-01,13.0,26.1,28.6
2530,2016-02-02,14.4,29.7,0.2
2531,2016-02-03,19.8,25.8,0.0
2532,2016-02-04,16.5,29.8,0.4
2533,2016-02-05,14.2,29.9,0.0
2534,2016-02-06,14.6,30.3,0.0
2535,2016-02-07,15.2,32.8,0.0
2536,2016-02-08,18.0,35.2,0.0
2537,2016-02-09,18.8,35.0,0.0
2538,2016-02-10,15.7,35.0,0.0
2539,2016-02-11,17.3,35.2,0.0
2540,2016-02-12,17.3,34.9,0.0
2541,2016-02-13,16.9,37.7,0.0
2542,2016-02-14,22.3,30.3,0.0
2543,2016-02-15,13.8,28.9,0.0
2544,2016-02-16,15.2,26.3,0.0
2545,2016-02-17,10.5,26.7,0.0
2546,2016-02-18,12.7,30.5,0.0
2547,2016-02-19,13.9,32.9,0.0
2548,2016-02-20,15.2,31.2,0.0
2549,2016-02-21,13.6,34.4,0.0
2550,2016-02-22,15.2,35.4,0.0
2551,2016-02-23,20.1,39.5,0.0
2552,2016-02-24,22.5,40.9,0.0
2553,2016-02-25,22.4,36.4,0.0
2554,2016-02-26,14.9,31.2,0.2
2555,2016-02-27,14.7,33.1,0.0
2556,2016-02-28,16.2,33.4,0.0
2557,2016-02-29,15.4,32.3,0.0
2558,2016-03-01,14.7,35.1,0.0
2559,2016-03-02,16.8,37.2,0.0
2560,2016-03-03,16.7,35.0,0.0
2561,2016-03-04,15.9,37.0,0.0
2562,2016-03-05,20.3,38.5,0.0
2563,2016-03-06,20.5,37.1,0.0
2564,2016-03-07,17.4,38.5,0.2
2565,2016-03-08,20.1,38.3,0.0
2566,2016-03-09,18.7,38.3,0.0
2567,2016-03-10,24.6,36.8,0.0
2568,2016-03-11,20.0,32.3,0.6
2569,2016-03-12,20.0,34.0,6.6
2570,2016-03-13,19.4,35.2,0.2
2571,2016-03-14,18.0,35.1,0.0
2572,2016-03-15,20.4,31.8,0.0
2573,2016-03-16,19.2,30.8,0.0
2574,2016-03-17,16.0,31.1,0.4
2575,2016-03-18,19.8,21.1,10.4
2576,2016-03-19,9.5,21.1,10.4
2577,2016-03-20,12.7,24.2,0.0
2578,2016-03-21,12.4,25.2,0.0
2579,2016-03-22,11.0,26.5,0.0
2580,2016-03-23,10.0,27.1,0.0
2581,2016-03-24,14.2,25.1,0.0
2582,2016-03-25,15.5,28.4,0.2
2583,2016-03-26,8.9,26.4,0.0
2584,2016-03-27,10.0,27.4,0.0
2585,2016-03-28,11.7,27.8,0.0
2586,2016-03-29,13.8,26.2,0.0
2587,2016-03-30,11.8,20.4,0.8
2588,2016-03-31,9.5,25.5,0.0
2589,2016-04-01,9.2,27.0,0.0
2590,2016-04-02,8.6,30.0,0.0
2591,2016-04-03,7.6,26.5,0.0
2592,2016-04-04,9.7,28.8,0.0
2593,2016-04-05,10.5,31.8,0.0
2594,2016-04-06,7.9,26.4,0.0
2595,2016-04-07,5.3,22.5,0.0
2596,2016-04-08,11.4,19.7,0.0
2597,2016-04-09,4.8,23.1,0.4
2598,2016-04-10,6.1,24.0,0.0
2599,2016-04-11,8.7,24.9,0.0
2600,2016-04-12,8.4,24.7,0.0
2601,2016-04-13,8.9,27.2,0.0
2602,2016-04-14,10.0,28.7,0.0
2603,2016-04-15,11.0,27.6,0.0
2604,2016-04-16,12.9,28.5,0.0
2605,2016-04-17,11.7,25.4,0.0
2606,2016-04-18,10.6,25.7,3.8
2607,2016-04-19,9.5,26.1,0.0
2608,2016-04-20,8.8,27.0,0.0
2609,2016-04-21,9.8,22.4,0.0
2610,2016-04-22,12.8,23.6,3.6
2611,2016-04-23,9.4,22.7,0.0
2612,2016-04-24,7.1,24.9,0.0
2613,2016-04-25,6.7,24.3,0.0
2614,2016-04-26,6.1,25.4,0.0
2615,2016-04-27,6.4,26.6,0.0
2616,2016-04-28,11.7,28.5,0.0
2617,2016-04-29,12.1,26.9,0.0
2618,2016-04-30,16.8,23.4,8.6
2619,2016-05-01,13.2,20.0,4.0
2620,2016-05-02,3.8,16.9,0.0
2621,2016-05-03,6.6,22.2,0.0
2622,2016-05-04,11.0,17.5,2.4
2623,2016-05-05,10.5,20.3,0.0
2624,2016-05-06,6.7,25.2,0.0
2625,2016-05-07,7.9,24.0,0.0
2626,2016-05-08,13.9,18.2,13.2
2627,2016-05-09,14.7,18.3,46.0
2628,2016-05-10,13.4,17.3,13.4
2629,2016-05-11,9.3,15.8,2.2
2630,2016-05-12,10.8,17.2,2.0
2631,2016-05-13,13.6,20.2,0.2
2632,2016-05-14,8.7,20.3,0.0
2633,2016-05-15,9.5,22.1,0.0
2634,2016-05-16,6.3,20.4,0.0
2635,2016-05-17,9.1,18.3,4.8
2636,2016-05-18,8.0,17.3,0.0
2637,2016-05-19,8.3,17.3,0.0
2638,2016-05-20,12.1,18.5,0.0
2639,2016-05-21,4.7,17.9,0.0
2640,2016-05-22,5.3,21.8,0.0
2641,2016-05-23,10.4,15.8,3.0
2642,2016-05-24,8.2,16.2,0.0
2643,2016-05-25,2.5,14.8,0.0
2644,2016-05-26,6.9,14.1,15.2
2645,2016-05-27,4.8,14.0,1.2
2646,2016-05-28,3.8,14.4,0.0
2647,2016-05-29,0.5,14.1,0.2
2648,2016-05-30,3.6,14.1,0.0
2649,2016-05-31,1.8,15.9,0.0
2650,2016-06-01,3.2,17.3,0.0
2651,2016-06-02,3.3,18.1,0.0
2652,2016-06-03,4.7,13.6,0.0
2653,2016-06-04,9.8,14.9,11.6
2654,2016-06-05,10.8,14.6,11.6
2655,2016-06-06,7.2,12.3,1.2
2656,2016-06-07,9.0,12.6,3.6
2657,2016-06-08,9.8,14.6,1.8
2658,2016-06-09,11.4,15.7,7.2
2659,2016-06-10,10.5,13.8,3.0
2660,2016-06-11,9.6,13.0,1.2
2661,2016-06-12,0.4,12.7,0.0
2662,2016-06-13,-0.6,13.8,0.2
2663,2016-06-14,0.9,15.2,0.0
2664,2016-06-15,0.9,11.4,0.2
2665,2016-06-16,0.0,12.9,0.0
2666,2016-06-17,4.1,15.9,7.6
2667,2016-06-18,9.0,17.6,0.2
2668,2016-06-19,8.1,14.3,0.2
2669,2016-06-20,10.0,16.6,14.4
2670,2016-06-21,8.8,11.6,1.4
2671,2016-06-22,9.1,13.7,12.6
2672,2016-06-23,9.0,13.2,0.2
2673,2016-06-24,6.6,8.2,4.0
2674,2016-06-25,-0.8,10.5,2.6
2675,2016-06-26,-1.3,7.5,0.0
2676,2016-06-27,2.1,10.6,0.2
2677,2016-06-28,2.5,11.8,0.2
2678,2016-06-29,6.2,13.5,0.8
2679,2016-06-30,3.0,11.2,0.0
2680,2016-07-01,5.2,11.4,11.4
2681,2016-07-02,7.2,12.5,0.4
2682,2016-07-03,7.9,12.7,0.2
2683,2016-07-04,8.2,11.7,0.2
2684,2016-07-05,6.7,10.6,1.0
2685,2016-07-06,7.2,15.4,7.6
2686,2016-07-07,4.0,16.5,0.0
2687,2016-07-08,6.5,11.8,0.2
2688,2016-07-09,7.0,15.8,2.0
2689,2016-07-10,6.2,14.0,0.0
2690,2016-07-11,9.1,16.2,16.6
2691,2016-07-12,8.6,12.9,0.4
2692,2016-07-13,3.6,9.5,9.6
2693,2016-07-14,-0.3,10.8,0.2
2694,2016-07-15,4.4,12.8,0.0
2695,2016-07-16,-0.4,14.0,0.2
2696,2016-07-17,0.4,16.5,0.0
2697,2016-07-18,2.1,13.4,0.0
2698,2016-07-19,7.3,15.2,5.0
2699,2016-07-20,8.5,17.3,0.0
2700,2016-07-21,6.2,16.8,0.4
2701,2016-07-22,9.9,18.2,6.8
2702,2016-07-23,7.1,10.8,24.2
2703,2016-07-24,-0.2,10.1,0.6
2704,2016-07-25,4.7,11.5,12.0
2705,2016-07-26,4.5,11.3,4.0
2706,2016-07-27,6.9,12.6,10.6
2707,2016-07-28,5.9,10.8,0.0
2708,2016-07-29,7.7,12.2,0.8
2709,2016-07-30,8.3,12.1,0.2
2710,2016-07-31,8.0,14.3,2.2
2711,2016-08-01,9.6,11.8,3.8
2712,2016-08-02,8.3,13.7,21.0
2713,2016-08-03,-0.2,15.4,0.0
2714,2016-08-04,1.4,15.1,0.2
2715,2016-08-05,0.5,15.3,0.0
2716,2016-08-06,1.2,13.0,0.0
2717,2016-08-07,0.7,15.6,0.2
2718,2016-08-08,1.4,15.1,0.0
2719,2016-08-09,1.8,17.2,0.0
2720,2016-08-10,7.4,15.0,2.6
2721,2016-08-11,4.7,13.4,0.2
2722,2016-08-12,0.7,11.6,0.0
2723,2016-08-13,4.7,15.4,0.6
2724,2016-08-14,4.7,16.6,0.2
2725,2016-08-15,2.2,16.8,0.0
2726,2016-08-16,1.7,18.5,0.0
2727,2016-08-17,6.0,18.0,0.0
2728,2016-08-18,4.0,19.6,0.0
2729,2016-08-19,9.3,16.4,0.0
2730,2016-08-20,5.3,12.0,11.0
2731,2016-08-21,5.4,15.4,1.0
2732,2016-08-22,8.4,13.9,0.2
2733,2016-08-23,4.2,15.7,11.0
2734,2016-08-24,2.6,12.2,0.0
2735,2016-08-25,3.3,14.1,0.2
2736,2016-08-26,0.2,13.6,0.0
2737,2016-08-27,0.7,13.5,0.2
2738,2016-08-28,2.1,16.9,0.0
2739,2016-08-29,3.4,18.2,0.0
2740,2016-08-30,7.8,15.3,0.0
2741,2016-08-31,10.6,18.4,22.0
2742,2016-09-01,8.5,16.7,0.4
2743,2016-09-02,6.1,13.9,0.2
2744,2016-09-03,9.6,16.6,33.6
2745,2016-09-04,7.7,15.1,0.6
2746,2016-09-05,4.4,15.9,0.0
2747,2016-09-06,4.4,18.1,0.0
2748,2016-09-07,5.5,20.5,0.0
2749,2016-09-08,8.1,20.3,0.0
2750,2016-09-09,12.6,17.8,4.0
2751,2016-09-10,11.2,17.7,17.0
2752,2016-09-11,3.7,14.9,0.2
2753,2016-09-12,5.1,17.8,0.0
2754,2016-09-13,6.9,19.7,0.0
2755,2016-09-14,12.4,16.2,8.6
2756,2016-09-15,8.3,13.6,10.8
2757,2016-09-16,9.4,16.1,0.4
2758,2016-09-17,4.4,18.2,0.6
2759,2016-09-18,7.1,13.8,1.2
2760,2016-09-19,7.4,15.9,7.4
2761,2016-09-20,5.3,14.9,0.0
2762,2016-09-21,9.8,16.2,12.8
2763,2016-09-22,9.3,18.8,0.0
2764,2016-09-23,4.9,20.5,0.0
2765,2016-09-24,8.3,20.5,0.0
2766,2016-09-25,11.0,17.5,3.0
2767,2016-09-26,4.8,15.9,0.0
2768,2016-09-27,7.1,15.2,2.8
2769,2016-09-28,5.3,17.9,1.8
2770,2016-09-29,11.1,14.8,20.6
2771,2016-09-30,8.4,13.7,16.2
2772,2016-10-01,9.2,14.9,9.0
2773,2016-10-02,5.9,21.7,0.8
2774,2016-10-03,10.8,15.1,12.4
2775,2016-10-04,8.3,15.0,8.6
2776,2016-10-05,3.5,15.7,7.8
2777,2016-10-06,7.0,21.6,0.0
2778,2016-10-07,9.0,23.8,0.0
2779,2016-10-08,11.8,22.1,0.0
2780,2016-10-09,8.3,20.9,0.0
2781,2016-10-10,9.6,14.8,6.6
2782,2016-10-11,5.7,14.8,0.6
2783,2016-10-12,5.3,16.7,0.2
2784,2016-10-13,6.9,18.5,0.2
2785,2016-10-14,4.2,20.7,0.0
2786,2016-10-15,5.7,22.4,0.0
2787,2016-10-16,11.8,24.9,0.0
2788,2016-10-17,9.7,17.6,9.6
2789,2016-10-18,10.1,16.4,0.8
2790,2016-10-19,4.7,16.2,2.6
2791,2016-10-20,3.6,19.4,0.2
2792,2016-10-21,7.4,23.7,0.0
2793,2016-10-22,6.4,16.2,1.0
2794,2016-10-23,3.3,17.6,0.0
2795,2016-10-24,3.6,19.0,0.0
2796,2016-10-25,5.3,22.9,0.0
2797,2016-10-26,12.7,24.6,0.0
2798,2016-10-27,8.2,22.2,0.0
2799,2016-10-28,7.5,23.3,0.0
2800,2016-10-29,9.3,25.7,0.0
2801,2016-10-30,14.7,24.3,0.0
2802,2016-10-31,5.1,17.0,1.0
2803,2016-11-01,7.1,18.6,0.0
2804,2016-11-02,7.6,19.7,0.0
2805,2016-11-03,6.9,23.0,0.0
2806,2016-11-04,7.6,28.2,0.0
2807,2016-11-05,9.6,18.4,0.0
2808,2016-11-06,7.9,20.9,0.0
2809,2016-11-07,8.8,29.4,0.0
2810,2016-11-08,11.6,24.9,0.0
2811,2016-11-09,9.7,25.9,0.0
2812,2016-11-10,9.9,24.4,0.0
2813,2016-11-11,7.7,26.9,0.0
2814,2016-11-12,14.1,27.1,8.0
2815,2016-11-13,11.7,16.0,1.8
2816,2016-11-14,11.3,20.9,18.8
2817,2016-11-15,6.9,22.9,0.8
2818,2016-11-16,8.9,26.3,0.0
2819,2016-11-17,11.0,29.3,0.0
2820,2016-11-18,14.0,29.9,0.0
2821,2016-11-19,14.8,31.5,0.0
2822,2016-11-20,14.6,32.0,0.0
2823,2016-11-21,19.2,36.2,0.8
2824,2016-11-22,21.6,26.6,0.0
2825,2016-11-23,14.3,21.6,19.2
2826,2016-11-24,5.9,21.6,0.2
2827,2016-11-25,8.2,22.0,0.0
2828,2016-11-26,7.3,24.5,0.0
2829,2016-11-27,9.3,28.1,0.0
2830,2016-11-28,11.4,29.2,0.0
2831,2016-11-29,10.8,29.4,0.0
2832,2016-11-30,12.9,32.2,0.0
2833,2016-12-01,13.7,30.2,0.0
2834,2016-12-02,12.8,30.8,0.0
2835,2016-12-03,13.8,31.2,0.0
2836,2016-12-04,12.8,32.8,0.0
2837,2016-12-05,19.3,32.8,0.0
2838,2016-12-06,19.8,26.1,0.0
2839,2016-12-07,10.0,29.6,0.0
2840,2016-12-08,11.5,29.7,0.0
2841,2016-12-09,9.9,21.0,1.0
2842,2016-12-10,7.5,26.9,0.0
2843,2016-12-11,10.7,29.8,0.0
2844,2016-12-12,11.7,33.0,0.0
2845,2016-12-13,13.4,37.2,0.0
2846,2016-12-14,20.4,26.9,0.4
2847,2016-12-15,13.8,29.8,0.0
2848,2016-12-16,16.0,22.7,5.2
2849,2016-12-17,17.3,28.5,0.0
2850,2016-12-18,9.0,26.3,0.0
2851,2016-12-19,10.3,29.5,0.0
2852,2016-12-20,13.1,29.6,0.0
2853,2016-12-21,9.7,28.3,1.2
2854,2016-12-22,14.1,31.4,0.0
2855,2016-12-23,15.4,35.3,0.0
2856,2016-12-24,17.5,34.0,0.0
2857,2016-12-25,15.9,35.6,1.6
2858,2016-12-26,17.6,36.5,0.0
2859,2016-12-27,20.9,31.5,2.0
2860,2016-12-28,21.9,35.6,0.0
2861,2016-12-29,22.0,27.7,3.8
2862,2016-12-30,22.8,32.1,3.2
2863,2016-12-31,15.9,33.1,4.4
2864,2017-01-01,15.5,31.6,0.0
2865,2017-01-02,14.9,32.0,0.0
2866,2017-01-03,13.7,32.0,0.0
2867,2017-01-04,16.2,33.0,0.0
2868,2017-01-05,18.0,33.5,0.0
2869,2017-01-06,17.1,35.4,0.0
2870,2017-01-07,17.9,35.4,0.0
2871,2017-01-08,19.1,36.0,0.0
2872,2017-01-09,21.3,30.7,0.0
2873,2017-01-10,19.8,31.0,10.6
2874,2017-01-11,20.1,34.2,0.0
2875,2017-01-12,14.5,35.0,0.0
2876,2017-01-13,16.7,32.0,0.0
2877,2017-01-14,16.9,25.4,14.2
2878,2017-01-15,11.5,31.6,0.0
2879,2017-01-16,13.3,34.8,0.0
2880,2017-01-17,16.0,40.9,0.0
2881,2017-01-18,16.7,30.4,0.0
2882,2017-01-19,14.9,33.3,0.0
2883,2017-01-20,18.6,28.1,18.0
2884,2017-01-21,11.4,30.1,2.6
2885,2017-01-22,14.6,32.9,0.0
2886,2017-01-23,19.2,39.3,0.0
2887,2017-01-24,23.2,32.6,0.0
2888,2017-01-25,16.3,32.4,0.0
2889,2017-01-26,15.8,34.2,0.0
2890,2017-01-27,17.4,35.9,0.0
2891,2017-01-28,17.5,36.9,0.0
2892,2017-01-29,16.8,38.5,0.0
2893,2017-01-30,16.4,42.5,0.0
2894,2017-01-31,23.5,32.1,0.0
2895,2017-02-01,15.7,27.8,0.0
2896,2017-02-02,11.9,28.1,0.0
2897,2017-02-03,12.0,33.6,0.0
2898,2017-02-04,14.5,34.3,0.0
2899,2017-02-05,18.9,32.6,0.0
2900,2017-02-06,20.9,23.8,3.4
2901,2017-02-07,18.9,33.1,5.2
2902,2017-02-08,20.0,35.8,0.0
2903,2017-02-09,20.5,40.3,0.0
2904,2017-02-10,23.0,43.7,0.0
2905,2017-02-11,23.9,40.7,0.0
2906,2017-02-12,20.0,21.2,1.4
2907,2017-02-13,10.0,25.6,1.0
2908,2017-02-14,11.5,28.6,0.0
2909,2017-02-15,11.9,32.9,0.0
2910,2017-02-16,13.4,37.8,0.0
2911,2017-02-17,17.5,32.0,0.0
2912,2017-02-18,13.9,25.1,1.0
2913,2017-02-19,7.6,22.4,0.0
2914,2017-02-20,7.5,22.1,
2915,2017-02-21,8.4,27.1,0.0
2916,2017-02-22,10.6,34.7,0.0
2917,2017-02-23,14.5,35.9,0.0
2918,2017-02-24,15.1,33.6,0.0
2919,2017-02-25,15.4,30.3,0.0
2920,2017-02-26,14.7,30.9,0.0
2921,2017-02-27,14.1,32.2,0.0
2922,2017-02-28,15.3,33.6,0.0
2923,2017-03-01,16.7,34.3,0.0
2924,2017-03-02,17.7,34.5,0.0
2925,2017-03-03,18.5,32.1,0.0
2926,2017-03-04,18.9,31.2,0.0
2927,2017-03-05,19.2,32.4,0.0
2928,2017-03-06,15.4,29.9,0.0
2929,2017-03-07,16.8,29.9,0.0
2930,2017-03-08,12.4,29.5,0.0
2931,2017-03-09,11.9,30.3,0.0
2932,2017-03-10,11.0,32.7,0.0
2933,2017-03-11,14.3,32.5,0.0
2934,2017-03-12,18.6,36.0,0.0
2935,2017-03-13,16.0,30.9,
2936,2017-03-14,15.4,33.9,0.0
2937,2017-03-15,16.7,33.8,0.0
2938,2017-03-16,20.9,31.5,0.0
2939,2017-03-17,19.3,31.2,0.0
2940,2017-03-18,13.6,32.6,0.0
2941,2017-03-19,15.3,34.9,0.0
2942,2017-03-20,20.0,33.1,0.0
2943,2017-03-21,20.1,25.2,
2944,2017-03-22,19.6,26.6,
2945,2017-03-23,19.4,23.7,
2946,2017-03-24,14.2,27.8,0.0
2947,2017-03-25,17.6,24.4,0.0
2948,2017-03-26,15.6,30.3,0.2
2949,2017-03-27,17.5,34.7,0.0
2950,2017-03-28,12.3,26.0,3.2
2951,2017-03-29,10.5,28.0,0.2
2952,2017-03-30,11.7,21.3,0.0
2953,2017-03-31,6.5,21.4,0.0
2954,2017-04-01,6.0,22.1,0.0
2955,2017-04-02,7.6,22.8,0.0
2956,2017-04-03,12.1,23.9,0.0
2957,2017-04-04,8.6,23.9,0.0
2958,2017-04-05,9.1,24.2,0.0
2959,2017-04-06,9.3,24.8,0.0
2960,2017-04-07,8.7,25.4,0.0
2961,2017-04-08,9.1,24.2,0.0
2962,2017-04-09,14.1,19.9,1.8
2963,2017-04-10,7.8,17.4,10.8
2964,2017-04-11,5.9,21.3,0.2
2965,2017-04-12,8.1,23.9,0.0
2966,2017-04-13,8.4,24.1,0.0
2967,2017-04-14,7.8,24.2,0.0
2968,2017-04-15,5.7,21.2,0.0
2969,2017-04-16,6.4,21.4,0.0
2970,2017-04-17,8.6,24.8,0.0
2971,2017-04-18,11.0,26.9,0.0
2972,2017-04-19,9.6,24.6,0.0
2973,2017-04-20,9.7,26.3,0.0
2974,2017-04-21,14.5,17.6,1.0
2975,2017-04-22,14.8,19.7,17.2
2976,2017-04-23,11.2,23.8,0.6
2977,2017-04-24,11.0,23.3,0.0
2978,2017-04-25,15.4,20.4,9.6
2979,2017-04-26,10.0,15.7,31.2
2980,2017-04-27,2.4,16.7,0.2
2981,2017-04-28,3.5,17.3,0.0
2982,2017-04-29,6.3,19.8,0.0
2983,2017-04-30,6.8,19.9,0.0
2984,2017-05-01,7.1,19.1,0.0
2985,2017-05-02,9.7,16.4,0.0
2986,2017-05-03,2.4,17.9,0.0
2987,2017-05-04,3.5,18.8,0.0
2988,2017-05-05,4.5,18.7,0.0
2989,2017-05-06,6.9,21.1,0.0
2990,2017-05-07,4.1,16.1,0.0
2991,2017-05-08,1.7,16.8,0.0
2992,2017-05-09,2.7,18.1,0.0
2993,2017-05-10,3.1,19.8,0.0
2994,2017-05-11,3.9,19.9,0.0
2995,2017-05-12,4.2,16.4,0.0
2996,2017-05-13,4.6,19.4,0.0
2997,2017-05-14,7.7,18.2,0.0
2998,2017-05-15,4.7,19.6,0.0
2999,2017-05-16,4.0,18.8,0.0
3000,2017-05-17,4.4,17.6,0.0
3001,2017-05-18,6.7,22.6,0.0
3002,2017-05-19,9.8,15.3,0.0
3003,2017-05-20,11.2,19.2,18.6
3004,2017-05-21,6.8,18.4,0.2
3005,2017-05-22,5.9,17.4,0.2
3006,2017-05-23,4.4,19.6,0.0
3007,2017-05-24,9.9,15.8,6.2
3008,2017-05-25,4.2,14.0,0.2
3009,2017-05-26,8.7,15.6,0.0
3010,2017-05-27,6.1,17.6,0.0
3011,2017-05-28,9.0,14.3,7.0
3012,2017-05-29,2.8,12.4,7.4
3013,2017-05-30,6.0,9.4,0.4
3014,2017-05-31,-0.4,13.3,5.2
3015,2017-06-01,-1.1,14.5,0.0
3016,2017-06-02,-0.8,14.1,0.2
3017,2017-06-03,-0.5,15.3,0.0
3018,2017-06-04,-0.9,14.5,0.0
3019,2017-06-05,1.2,12.5,0.2
3020,2017-06-06,3.6,14.5,4.2
3021,2017-06-07,-0.6,15.8,0.0
3022,2017-06-08,0.7,15.6,0.0
3023,2017-06-09,1.1,15.2,0.0
3024,2017-06-10,1.9,16.7,0.0
3025,2017-06-11,1.4,16.6,0.0
3026,2017-06-12,1.9,15.1,0.2
3027,2017-06-13,3.3,15.9,0.2
3028,2017-06-14,1.6,15.3,0.2
3029,2017-06-15,2.1,14.7,0.0
3030,2017-06-16,3.2,12.9,0.2
3031,2017-06-17,3.6,15.5,0.0
3032,2017-06-18,1.0,17.0,0.0
3033,2017-06-19,-0.2,14.7,0.0
3034,2017-06-20,1.2,14.9,0.2
3035,2017-06-21,1.2,15.2,0.4
3036,2017-06-22,0.8,13.4,0.0
3037,2017-06-23,1.1,11.9,0.0
3038,2017-06-24,1.1,14.1,0.2
3039,2017-06-25,3.9,10.9,0.0
