Date,MinTemp,MaxTemp,Rainfall
2008-12-01,13.4,22.9,0.6
2008-12-02,7.4,25.1,0
2008-12-03,12.9,25.7,0
2008-12-04,9.2,28,0
2008-12-05,17.5,32.3,1
2008-12-06,14.6,29.7,0.2
2008-12-07,14.3,25,0
2008-12-08,7.7,26.7,0
2008-12-09,9.7,31.9,0
2008-12-10,13.1,30.1,1.4
2008-12-11,13.4,30.4,0
2008-12-12,15.9,21.7,2.2
2008-12-13,15.9,18.6,15.6
2008-12-14,12.6,21,3.6
2008-12-15,8.4,24.6,0
2008-12-16,9.8,27.7,NA
2008-12-17,14.1,20.9,0
2008-12-18,13.5,22.9,16.8
2008-12-19,11.2,22.5,10.6
2008-12-20,9.8,25.6,0
2008-12-21,11.5,29.3,0
2008-12-22,17.1,33,0
2008-12-23,20.5,31.8,0
2008-12-24,15.3,30.9,0
2008-12-25,12.6,32.4,0
2008-12-26,16.2,33.9,0
2008-12-27,16.9,33,0
2008-12-28,20.1,32.7,0
2008-12-29,19.7,27.2,0
2008-12-30,12.5,24.2,1.2
2008-12-31,12,24.4,0.8
2009-01-01,11.3,26.5,0
2009-01-02,9.6,23.9,0
2009-01-03,10.5,28.8,0
2009-01-04,12.3,34.6,0
2009-01-05,12.9,35.8,0
2009-01-06,13.7,37.9,0
2009-01-07,16.1,38.9,0
2009-01-08,14,28.3,0
2009-01-09,12.5,28.4,0
2009-01-10,17,30.8,0
2009-01-11,16.9,32,0
2009-01-12,17.3,34.7,0
2009-01-13,17.2,37.7,0
2009-01-14,17.4,43,0
2009-01-15,19.8,32.7,0
2009-01-16,14.9,26.7,0
2009-01-17,10.5,28.4,0
2009-01-18,11.3,32.2,0
2009-01-19,13.9,36.6,0
2009-01-20,18.6,39.9,0
2009-01-21,19.3,38.1,0.8
2009-01-22,24.4,34,0.6
2009-01-23,18.8,35.2,6.4
2009-01-24,20.8,30.6,0
2009-01-25,14,34.3,0
2009-01-26,15.7,38.4,0
2009-01-27,18.5,38.2,0
2009-01-28,20.4,40.7,0
2009-01-29,21.8,41.5,0
2009-01-30,22.3,42.9,0
2009-01-31,22,42.7,0
2009-02-01,28,43.1,0
2009-02-02,24.4,38.3,0.2
2009-02-03,21.5,37.7,0
2009-02-04,21.7,36.9,0
2009-02-05,21.5,41.2,0
2009-02-06,23.5,42.2,0
2009-02-07,22.3,44.8,0
2009-02-08,28.3,40.2,0
2009-02-09,18.4,31.2,0.4
2009-02-10,14.9,27.3,0
2009-02-11,13.5,26.7,0
2009-02-12,16.1,21.6,0
2009-02-13,14.6,29,3
2009-02-14,12.4,29.2,0
2009-02-15,13.3,31.3,0
2009-02-16,17.2,31.1,0
2009-02-17,12.5,28.8,0
2009-02-18,18,32,0
2009-02-19,16.2,34,0
2009-02-20,18.7,29.1,0
2009-02-21,13.7,31.7,0
2009-02-22,15.5,33.2,0
2009-02-23,14.3,34,0
2009-02-24,12.9,29.6,0
2009-02-25,8.9,31.9,0
2009-02-26,15,32.7,0
2009-02-27,15.4,32.6,0
2009-02-28,16,34.5,0
2009-03-01,12.8,30.3,0
2009-03-02,13.2,31.9,0
2009-03-03,18,31.1,0
2009-03-04,13.8,22.1,0.2
2009-03-05,11.5,22,0
2009-03-06,7.6,24,0
2009-03-07,8.3,27.9,0
2009-03-08,11,30.2,0
2009-03-09,13.8,31.8,0
2009-03-10,15.5,32,0
2009-03-11,18.4,30.5,1.2
2009-03-12,20.9,25.7,0
2009-03-13,17.1,25.8,5.8
2009-03-14,16.4,27,3
2009-03-15,10,19.7,11.6
2009-03-16,8.8,21.9,0
2009-03-17,8.4,25.3,0
2009-03-18,9.3,28,0
2009-03-19,11.3,30.1,0
2009-03-20,11.5,33.5,0
2009-03-21,13.8,33.6,0
2009-03-22,14.6,30,0
2009-03-23,14.4,31.6,0
2009-03-24,10.8,31.9,0
2009-03-25,15.4,22.3,0.4
2009-03-26,13.3,29.8,1.8
2009-03-27,10.1,27.6,0
2009-03-28,9.1,28.9,0
2009-03-29,10.4,31.2,0
2009-03-30,13.4,30.4,0
2009-03-31,12.3,29.9,0
2009-04-01,12.2,30.6,0
2009-04-02,14.3,32.1,0
2009-04-03,18.4,28.1,8.6
2009-04-04,10.7,21.4,12.6
2009-04-05,7.8,21.7,0
2009-04-06,8.1,21.4,0
2009-04-07,7.5,22.5,0
2009-04-08,8.2,24,0
2009-04-09,8.1,25.7,0
2009-04-10,11.6,26.7,0
2009-04-11,13,24.9,8.4
2009-04-12,13.5,24.2,6.2
2009-04-13,9.9,25.4,0
2009-04-14,12.2,25,0
2009-04-15,10.7,21.9,0
2009-04-16,3.5,20,0
2009-04-17,6.6,21.6,0
2009-04-18,7,23.4,0
2009-04-19,11.2,23.9,0
2009-04-20,7.4,22,0
2009-04-21,5.7,21.4,0
2009-04-22,6.2,22.7,0
2009-04-23,6,22.9,0
2009-04-24,10.6,16.2,0
2009-04-25,12.9,15.8,20
2009-04-26,8.6,12.9,21
2009-04-27,4.5,11.5,3.2
2009-04-28,7.6,14.5,4.8
2009-04-29,5.4,12.2,0
2009-04-30,2.1,16.5,0
2009-05-01,1.8,17,0
2009-05-02,7.2,19.2,0
2009-05-03,4.6,18.9,0
2009-05-04,4.2,19.1,0
2009-05-05,5.2,18.8,0
2009-05-06,4.1,19.3,0
2009-05-07,3.2,18.4,0
2009-05-08,4.3,19,0
2009-05-09,3.7,20.5,0
2009-05-10,5.4,19.5,0
2009-05-11,4.3,17.7,0
2009-05-12,3.6,18.5,0
2009-05-13,3.6,15.1,0
2009-05-14,6.9,16.3,0
2009-05-15,10.3,16.6,0
2009-05-16,12.4,16.4,1.8
2009-05-17,3,15.6,0
2009-05-18,2.6,19.7,0
2009-05-19,3.7,19.1,0
2009-05-20,5.1,18.6,0
2009-05-21,4.4,19.8,0
2009-05-22,4.7,19.8,0
2009-05-23,6.2,22.9,0
2009-05-24,6.7,21.1,0
2009-05-25,9.3,20.3,0
2009-05-26,11.6,18.1,4.2
2009-05-27,8,16.2,0.8
2009-05-28,2.6,15.7,0
2009-05-29,2.2,16.5,0
2009-05-30,2.2,16.8,0
2009-05-31,1.7,17.1,0
2009-06-01,8,14.3,1.2
2009-06-02,8.4,13.4,1.4
2009-06-03,10.6,14.3,4.8
2009-06-04,8.9,17.4,8
2009-06-05,2.8,16.1,0
2009-06-06,1.7,10.5,0.2
2009-06-07,4.7,11.6,14.4
2009-06-08,9,12,4.6
2009-06-09,6.3,8.8,2
2009-06-10,3,10.5,5.6
2009-06-11,-2,9.6,0
2009-06-12,-1.3,8.2,0
2009-06-13,1.8,12.4,0
2009-06-14,2,15.8,0
2009-06-15,0.5,14.9,0.4
2009-06-16,1.2,17.7,0
2009-06-17,0.6,15.9,0
2009-06-18,0.5,14.7,0
2009-06-19,0.5,15.3,0
2009-06-20,0.9,17.3,0
2009-06-21,7,17,1.6
2009-06-22,5,14.9,5.6
2009-06-23,3.9,15.5,0
2009-06-24,7.7,14.1,6
2009-06-25,4.7,12.2,0
2009-06-26,6.9,13.7,4.4
2009-06-27,8.4,11.9,0
2009-06-28,9.3,12.3,5.4
2009-06-29,8.2,15.7,3.6
2009-06-30,9.1,16.1,2
2009-07-01,8.3,13.3,8.4
2009-07-02,8.8,11.6,5
2009-07-03,7.6,12,7.8
2009-07-04,5.7,13.2,0
2009-07-05,3.4,12.4,0
2009-07-06,0,12.1,0
2009-07-07,-1.5,12.5,0
2009-07-08,-1.7,13.8,0
2009-07-09,-0.4,15,0.2
2009-07-10,0.1,13.5,0
2009-07-11,4.8,13.3,0.6
2009-07-12,8.1,16.5,0.6
2009-07-13,5.9,13.1,1
2009-07-14,6.9,11,6.8
2009-07-15,2.9,12.6,1.8
2009-07-16,-0.6,13.4,0
2009-07-17,-0.3,14.4,0.2
2009-07-18,-1,12,0
2009-07-19,3.2,14.1,0.6
2009-07-20,3.6,16.5,0.2
2009-07-21,0.8,17.7,0
2009-07-22,6.6,12.3,0
2009-07-23,6,13.5,9.8
2009-07-24,-0.1,12.9,0
2009-07-25,-0.3,12.2,0
2009-07-26,2.1,9.8,0
2009-07-27,1.3,8.8,0
2009-07-28,4.2,12.7,3.8
2009-07-29,8.3,13.2,2.4
2009-07-30,3.3,12.1,0.2
2009-07-31,6.5,14.5,5.2
2009-08-01,7.4,13.9,0.2
2009-08-02,7.5,14.1,0.8
2009-08-03,8.3,13.8,0.8
2009-08-04,3.2,14.7,0
2009-08-05,5.7,13.8,5.4
2009-08-06,5.1,17.1,0.4
2009-08-07,8,13.9,0.8
2009-08-08,-0.8,12.9,4.2
2009-08-09,-1,12.2,0
2009-08-10,1.9,14.8,0.2
2009-08-11,5.9,17.7,0.4
2009-08-12,6.9,14.3,4.8
2009-08-13,7.7,11.6,0.2
2009-08-14,6.8,15.2,1.2
2009-08-15,2.7,17.5,0.2
2009-08-16,5.1,15.5,1.6
2009-08-17,4.2,13.6,3.2
2009-08-18,0.6,15.6,0
2009-08-19,1.6,16.4,0
2009-08-20,5.5,18.4,0
2009-08-21,7.3,14.8,1
2009-08-22,0.2,14.1,6.6
2009-08-23,5.8,18.9,3.8
2009-08-24,8.9,17.1,1.2
2009-08-25,7.1,12.8,2
2009-08-26,4.2,14.4,3.6
2009-08-27,1.1,16.7,0.4
2009-08-28,1.1,18.6,0
2009-08-29,7.2,17.9,4.2
2009-08-30,6.3,11.1,13.4
2009-08-31,6.7,14.2,1.4
2009-09-01,5.1,14.2,3
2009-09-02,1,16.8,0
2009-09-03,6.1,20.7,0
2009-09-04,6.3,16.9,1.4
2009-09-05,2.1,15,0
2009-09-06,1.6,16.6,0
2009-09-07,8.3,17.6,0
2009-09-08,5.7,16.5,0
2009-09-09,7.5,14.3,0
2009-09-10,2.6,NA,0
2009-09-11,NA,18.8,NA
2009-09-12,6.5,24.7,0
2009-09-13,13.2,25.1,0
2009-09-14,4.3,17.8,0
2009-09-15,1.6,17.2,0
2009-09-16,2.8,21.1,0
2009-09-17,6.3,19,0
2009-09-18,7.4,20.4,10.2
2009-09-19,5.4,20.6,0
2009-09-20,8,18.9,0.4
2009-09-21,3.7,19,0.2
2009-09-22,11.5,20.2,8.4
2009-09-23,9.3,16.8,28.8
2009-09-24,8.2,18.2,1.4
2009-09-25,5.3,20.6,0
2009-09-26,6.8,12.2,6
2009-09-27,4.5,12.9,1.6
2009-09-28,5.5,17.9,0
2009-09-29,1.7,17,0
2009-09-30,4,21.4,0
2009-10-01,8.9,21.1,0
2009-10-02,11.7,22,0
2009-10-03,8.5,13.5,3.2
2009-10-04,9.6,16.2,1.8
2009-10-05,8.3,19.7,0.2
2009-10-06,5.2,16.2,0
2009-10-07,3.8,15.9,3.6
2009-10-08,1.2,16.3,0
2009-10-09,3.2,18.2,0
2009-10-10,4.6,19,0
2009-10-11,6.4,18.7,0
2009-10-12,5.8,23.3,0
2009-10-13,6.6,17.7,2
2009-10-14,9.5,15.1,7
2009-10-15,9.7,15.7,1.4
2009-10-16,4.1,16.6,6.8
2009-10-17,4.6,19.2,0
2009-10-18,5.1,20.3,0
2009-10-19,5.1,22.7,0
2009-10-20,6.9,26.6,0
2009-10-21,8.8,27.1,0
2009-10-22,9.1,27.1,0
2009-10-23,8.1,23.9,0
2009-10-24,7.4,25.4,0
2009-10-25,10.6,23.1,0
2009-10-26,10.8,22,0
2009-10-27,5.9,24.1,0
2009-10-28,11.3,26.8,0
2009-10-29,14.5,26.9,0
2009-10-30,13.7,29.1,0
2009-10-31,15.6,30.8,0
2009-11-01,17.8,34,0
2009-11-02,18.7,32.4,0
2009-11-03,18.7,24.3,0
2009-11-04,10,23.2,0
2009-11-05,6.6,25.3,0
2009-11-06,10.8,27.9,0
2009-11-07,11.3,29.8,0
2009-11-08,13.5,31.8,0
2009-11-09,15.4,33.4,0
2009-11-10,15.9,35.2,0
2009-11-11,17.1,36,0
2009-11-12,16.7,35.1,0
2009-11-13,18.1,32.8,0
2009-11-14,13.4,35.4,0
2009-11-15,17.2,36.3,0
2009-11-16,15.3,35.1,0
2009-11-17,12.1,30.5,0
2009-11-18,11.4,33.5,0
2009-11-19,18.6,39.7,0
2009-11-20,15.3,38.2,0
2009-11-21,19.3,21,10.6
2009-11-22,18.3,28.3,25.8
2009-11-23,11.9,23.6,0.4
2009-11-24,12.8,25.8,0
2009-11-25,17.2,32.9,0
2009-11-26,21,34.5,0
2009-11-27,15.9,26.2,10.2
2009-11-28,17.1,26.4,0
2009-11-29,12.8,22.3,9.4
2009-11-30,13.2,23.9,2.4
2009-12-01,12.3,23.6,0
2009-12-02,10.6,27,0
2009-12-03,11.4,31.5,0
2009-12-04,12.3,27.5,0
2009-12-05,10.7,26.7,0
2009-12-06,11.1,30.7,0
2009-12-07,13.4,31.9,0
2009-12-08,18.2,24.9,0
2009-12-09,9.2,25.4,1.2
2009-12-10,14.2,27.4,0
2009-12-11,9.2,22.6,1
2009-12-12,9,26.5,0
2009-12-13,11.8,29.6,0
2009-12-14,13.6,32,0
2009-12-15,13.1,34.7,0
2009-12-16,14.6,38.6,0
2009-12-17,14.5,40.3,0
2009-12-18,12.2,26.4,3
2009-12-19,11.1,29.2,0
2009-12-20,12,31.3,0
2009-12-21,12.7,33.7,0
2009-12-22,15.1,36.6,0
2009-12-23,18.1,38.2,0
2009-12-24,22.9,34.6,0
2009-12-25,18.8,28.3,9.8
2009-12-26,17.1,31.3,0
2009-12-27,17.6,27.3,0
2009-12-28,17.8,35.9,0
2009-12-29,18.7,35.9,0
2009-12-30,19.8,36.8,0
2009-12-31,21.1,33.2,0
2010-01-01,19.4,31.9,5
2010-01-02,18.6,29.1,12.4
2010-01-03,12.2,29.7,0
2010-01-04,14.8,32.8,0
2010-01-05,15,35.8,0
2010-01-06,16.3,33.8,0
2010-01-07,15,33,0
2010-01-08,17.4,36.4,0
2010-01-09,19.6,39.8,0
2010-01-10,20.6,42.2,0
2010-01-11,21,42.2,0
2010-01-12,24.5,42.4,0.2
2010-01-13,22.6,28.4,0.4
2010-01-14,15.7,31.7,3
2010-01-15,17.2,36.3,0
2010-01-16,21.8,36.6,0
2010-01-17,16.8,25.6,0
2010-01-18,10.5,22.6,0
2010-01-19,8.7,25.2,0
2010-01-20,11,32.9,0
2010-01-21,15.4,37.3,0
2010-01-22,19.2,41.8,0
2010-01-23,24.7,35.4,0
2010-01-24,14.4,33.7,0
2010-01-25,14.3,35.8,0
2010-01-26,15.1,35.9,0
2010-01-27,17.7,36.4,0
2010-01-28,15.2,34.4,0
2010-01-29,16,35.2,0
2010-01-30,18.9,36.5,0
2010-01-31,21.7,36.3,0
2010-02-01,21,38.2,0
2010-02-02,17.8,34.3,8.6
2010-02-03,17.9,35.6,0
2010-02-04,23.5,32,0
2010-02-05,19.2,26.1,52.2
2010-02-06,19.5,30.3,5.6
2010-02-07,20.3,33.9,0
2010-02-08,23,34,0
2010-02-09,22.1,35.1,0
2010-02-10,21.7,35.6,NA
2010-02-11,21.5,35,0
2010-02-12,22.5,29.1,NA
2010-02-13,20.8,27.1,0
2010-02-14,20.5,30.3,0
2010-02-15,17.8,26.8,0
2010-02-16,17.6,29,0
2010-02-17,15.5,30.6,0
2010-02-18,NA,31.2,NA
2010-02-19,16.4,30.3,0
2010-02-20,15.7,31.8,0
2010-02-21,19.6,34.7,0.6
2010-02-22,20.2,26.4,3.6
2010-02-23,12.5,26.1,0.2
2010-02-24,12.8,28.5,0
2010-02-25,15,31,0
2010-02-26,17.2,NA,0
2010-02-27,NA,26.3,NA
2010-02-28,18.2,29.3,1.4
2010-03-01,14.4,NA,0
2010-03-02,11.2,28.5,NA
2010-03-03,12.5,31.2,0
2010-03-04,15.1,NA,0
2010-03-05,NA,22.3,0
2010-03-06,18.8,30.3,20.6
2010-03-07,18.3,22.9,5.8
2010-03-08,18.1,25.5,66
2010-03-09,15.7,22.4,6.2
2010-03-10,8.8,NA,0
2010-03-11,12.3,24.4,NA
2010-03-12,10.6,25,0
2010-03-13,11.5,25.7,0
2010-03-14,12.2,26.3,0
2010-03-15,13.2,26.6,0
2010-03-16,12.5,28.6,0
2010-03-17,13.3,29.6,0
2010-03-18,15.1,30.4,0
2010-03-19,14.9,31.4,0
2010-03-20,16.7,31.9,0
2010-03-21,16.8,25.6,0
2010-03-22,9.1,25.3,0
2010-03-23,8.3,27,0
2010-03-24,10.5,28.8,0
2010-03-25,11.6,29.6,0
2010-03-26,12.6,30,0
2010-03-27,15.6,30.2,0
2010-03-28,17.2,28.7,0
2010-03-29,18.2,26.3,11
2010-03-30,16.5,26.9,0.4
2010-03-31,13.4,26.1,0
2010-04-01,11.6,25.8,0
2010-04-02,10,25.1,0
2010-04-03,12.4,24.8,0
2010-04-04,12.5,24.8,0
2010-04-05,10.3,25.3,0
2010-04-06,10.6,24.7,0
2010-04-07,15.7,23.4,3
2010-04-08,13.5,23.1,3.2
2010-04-09,10.1,21.9,0
2010-04-10,14.1,18.6,0.2
2010-04-11,14.2,18.7,7
2010-04-12,5.6,17.4,0
2010-04-13,4.6,19.9,0
2010-04-14,5.1,21.9,0
2010-04-15,6.1,23.5,0
2010-04-16,7.7,24.7,0
2010-04-17,8.5,25.4,0
2010-04-18,10.1,25.1,0
2010-04-19,11.2,25.9,0
2010-04-20,11.8,25.2,0
2010-04-21,12.3,27.5,0
2010-04-22,11.4,27.3,0
2010-04-23,11.3,29,0
2010-04-24,15.4,19.8,3.6
2010-04-25,10.8,18.5,17
2010-04-26,5.1,17.9,0
2010-04-27,7.1,16.1,0
2010-04-28,9.7,17.3,1.6
2010-04-29,10.5,17.7,0.4
2010-04-30,5.6,19.1,0
2010-05-01,5.9,21.1,0.2
2010-05-02,4.8,20.7,0
2010-05-03,6.8,23,0
2010-05-04,8,25.3,0.2
2010-05-05,8.9,14.5,3
2010-05-06,7.1,15.3,0
2010-05-07,5.7,17.5,0
2010-05-08,9.6,19.3,0
2010-05-09,5.7,19.5,0
2010-05-10,5,19.8,0
2010-05-11,3,15.6,0
2010-05-12,1.3,14.9,0
2010-05-13,1,17.1,0
2010-05-14,3.1,17.7,0.2
2010-05-15,2.2,18.4,0
2010-05-16,1.7,17.5,0
2010-05-17,4.5,17,0
2010-05-18,1.6,19.7,0
2010-05-19,1.4,18.5,0
2010-05-20,2.1,16.5,0
2010-05-21,1.7,17.9,0
2010-05-22,1.1,17.1,0
2010-05-23,0.9,18.1,0
2010-05-24,5.2,16.3,0
2010-05-25,10.2,14.9,10.4
2010-05-26,8.4,19,13.4
2010-05-27,5.7,16.6,0.2
2010-05-28,6.4,17,0
2010-05-29,9.4,15,28
2010-05-30,8.8,20.2,5.8
2010-05-31,10.7,19.1,0
2010-06-01,4.2,16.6,0
2010-06-02,4.3,17.7,0
2010-06-03,3.4,17.7,0
2010-06-04,3.1,18.4,0
2010-06-05,1.7,10.2,0
2010-06-06,5,15.8,0
2010-06-07,0.4,14,0
2010-06-08,3.1,12.2,0
2010-06-09,5.3,8.4,0
2010-06-10,4.9,12.9,2.4
2010-06-11,7.2,13.2,0
2010-06-12,0,13.3,0
2010-06-13,-1,13.1,0
2010-06-14,-2,13.2,0
2010-06-15,-0.3,12.8,0
2010-06-16,1.5,15.5,0
2010-06-17,7.4,16.2,11.6
2010-06-18,3,12.2,2.2
2010-06-19,6.9,15.2,1.8
2010-06-20,3.6,13.1,0
2010-06-21,5,12.5,0.4
2010-06-22,3,14.8,0
2010-06-23,3.5,16.5,0
2010-06-24,3.4,17,0
2010-06-25,7,16.1,0
2010-06-26,6.2,12.1,10.2
2010-06-27,0.6,11.9,0.2
2010-06-28,-0.6,8.3,0
2010-06-29,2.3,9.4,0
2010-06-30,5.1,9.8,0.2
2010-07-01,3.2,11.9,1.2
2010-07-02,0.2,10.9,0.2
2010-07-03,1,10.3,0
2010-07-04,1.5,10.8,0
2010-07-05,1.8,12.1,0.2
2010-07-06,2.3,13.9,5.6
2010-07-07,1.5,13.5,0
2010-07-08,2.1,14.8,0.4
2010-07-09,0,14.6,0
2010-07-10,1.5,16.1,0
2010-07-11,5,15.4,13.4
2010-07-12,3.5,15.3,0.2
2010-07-13,3.5,16.3,0
2010-07-14,6.2,10,21.4
2010-07-15,3.4,12.2,11
2010-07-16,0.6,13.1,0
2010-07-17,-0.4,11.5,0
2010-07-18,0.7,12.8,0
2010-07-19,5,13.5,1.6
2010-07-20,0.5,11.6,0.2
2010-07-21,0.6,12.9,0
2010-07-22,-0.5,13.8,0
2010-07-23,0.1,15.7,0
2010-07-24,1,14.6,0
2010-07-25,2.5,14.3,0.2
2010-07-26,1.9,14.9,0.2
2010-07-27,-1.2,15,0.2
2010-07-28,2.1,12.6,0
2010-07-29,5.8,14.8,6.2
2010-07-30,8.9,14.9,0
2010-07-31,7.5,12.3,2.2
2010-08-01,7.5,10.1,4.2
2010-08-02,5.4,14.7,18.6
2010-08-03,1.2,15.7,0
2010-08-04,1.2,9.6,0
2010-08-05,NA,11.8,NA
2010-08-06,0.7,12.6,0.2
2010-08-07,-0.6,13.1,0.2
2010-08-08,-1.3,12.6,0
2010-08-09,0.3,15.5,0
2010-08-10,4.4,16,7.2
2010-08-11,7.2,10.4,8.2
2010-08-12,4.5,14.9,10.8
2010-08-13,1.6,15,0
2010-08-14,3.2,13,0
2010-08-15,7.2,12.1,1.8
2010-08-16,6.4,11.8,10.2
2010-08-17,-1,12.1,3.8
2010-08-18,1.3,11.8,0.2
2010-08-19,5,15.1,15.4
2010-08-20,4.5,11.7,2
2010-08-21,6.3,12.9,0
2010-08-22,2.1,15.3,0.2
2010-08-23,4.1,12.8,0.2
2010-08-24,6.4,13.3,1.8
2010-08-25,4.2,10.7,1.8
2010-08-26,5.4,11.8,9.6
2010-08-27,6.8,13.4,4
2010-08-28,0.9,14.4,0
2010-08-29,1.9,15.2,0
2010-08-30,2.3,15.4,0
2010-08-31,2.9,14.2,0
2010-09-01,7.1,15.1,0
2010-09-02,10,16.8,0.8
2010-09-03,7.1,17.6,0
2010-09-04,10.1,17.7,21.8
2010-09-05,9.8,14.2,20.8
2010-09-06,6.8,12.8,2.4
2010-09-07,2.3,15.1,1.2
2010-09-08,1.7,15.9,0
2010-09-09,7.2,14.7,0
2010-09-10,8.1,14,24.8
2010-09-11,2.6,15.9,3.2
2010-09-12,4.5,16.3,0
2010-09-13,6,18.7,0.4
2010-09-14,5.8,19,0
2010-09-15,5.5,13.6,0
2010-09-16,7.5,13.4,0
2010-09-17,4.3,14.3,0.2
2010-09-18,3.3,13.9,0
2010-09-19,2.4,16.4,0
2010-09-20,2.8,18.7,0
2010-09-21,5,19.6,0
2010-09-22,8.6,20.1,0
2010-09-23,5.7,19.9,0
2010-09-24,3.7,19.1,0
2010-09-25,5.6,19.7,0
2010-09-26,5.4,20.6,0
2010-09-27,6.5,20,0
2010-09-28,5.4,14.6,0
2010-09-29,3.7,14.3,0
2010-09-30,-0.1,14.6,0
2010-10-01,4.1,17.4,0
2010-10-02,4.8,21.1,0
2010-10-03,7.4,23,0
2010-10-04,8.2,23.2,0
2010-10-05,10.1,25.9,0
2010-10-06,11.1,24.9,0
2010-10-07,7.3,15.9,10
2010-10-08,4.2,19,0
2010-10-09,5.4,20.8,0
2010-10-10,8.2,23.2,0
2010-10-11,7.6,23.7,0
2010-10-12,14.5,19.9,0.8
2010-10-13,14.7,18,11.4
2010-10-14,12.7,19.1,19
2010-10-15,13.8,18.6,22.2
2010-10-16,4.8,12.8,32.8
2010-10-17,6.3,15.4,0
2010-10-18,9.2,17.4,0
2010-10-19,4.8,19,0
2010-10-20,5.7,21.8,0
2010-10-21,8,23.3,0
2010-10-22,9.5,25.8,0
2010-10-23,14.8,19,0.4
2010-10-24,8.2,22.2,2.4
2010-10-25,10.9,22.2,0
2010-10-26,8.8,23.5,0
2010-10-27,10.2,22.3,1.6
2010-10-28,8.8,23.6,0
2010-10-29,10.3,25.6,0
2010-10-30,16,19.5,3.4
2010-10-31,13.8,18.7,50.8
2010-11-01,10.2,18.9,1.2
2010-11-02,7.1,20.3,0
2010-11-03,10.7,18,0
2010-11-04,10.1,18.8,0
2010-11-05,11.1,21,0
2010-11-06,7.5,22.9,0
2010-11-07,9.3,24.5,0
2010-11-08,14.7,24.7,2.2
2010-11-09,11.6,27.7,0
2010-11-10,15.5,29,0
2010-11-11,15.2,30.5,0.6
2010-11-12,17.5,31.3,0
2010-11-13,21.1,26.9,0
2010-11-14,19.2,22.6,52.6
2010-11-15,15.9,23.1,2.4
2010-11-16,11.4,20.8,0
2010-11-17,8.8,23.3,0
2010-11-18,9.1,24.8,0
2010-11-19,12.1,25.5,0
2010-11-20,12,27.3,0
2010-11-21,12.7,29.7,0
2010-11-22,14.7,29.9,0
2010-11-23,14.8,29.4,0
2010-11-24,18.1,30.1,0
2010-11-25,18.9,27.6,0
2010-11-26,17.9,24.2,4
2010-11-27,14.8,27.6,19.2
2010-11-28,17.8,21.4,18.8
2010-11-29,13.6,22.6,14.8
2010-11-30,14.4,23.3,1.6
2010-12-01,16.7,23.9,12
2010-12-02,16.1,26.6,0.6
2010-12-03,15.7,27.3,18.4
2010-12-04,17.3,29.9,1.2
2010-12-05,16.6,31.6,0
2010-12-06,18.9,30.4,0
2010-12-07,21.3,29.8,0
2010-12-08,20.3,29.7,3.2
2010-12-09,18,26.7,25.6
2010-12-10,16.7,22.5,0
2010-12-11,11.2,24.3,0
2010-12-12,15,22.2,0
2010-12-13,10.5,26.2,0
2010-12-14,13.7,28.8,0
2010-12-15,16.1,31.1,0
2010-12-16,15.1,25.6,0.4
2010-12-17,10.3,25.9,0
2010-12-18,14,20.8,1
2010-12-19,10.4,18,3
2010-12-20,8.6,20.5,6.2
2010-12-21,9.9,21.2,1.6
2010-12-22,9.4,25.9,0
2010-12-23,12.3,29.2,0
2010-12-24,13.9,30.8,0
2010-12-25,19.3,29.1,0
2010-12-26,17.5,30,1
2010-12-27,11.3,22.2,0
2010-12-28,9.1,26.7,0
2010-12-29,13.5,31,0
2010-12-30,14.8,34,0
2010-12-31,15.7,38.1,0
2011-01-01,23.2,35.8,0
2011-01-02,20.1,31.1,0.6
2011-01-03,13.6,29.4,0
2011-01-04,13.9,29.2,0
2011-01-05,16,28.9,0
2011-01-06,16.5,31.6,0
2011-01-07,16.1,30.7,0
2011-01-08,17.8,32,0
2011-01-09,20.1,33,0
2011-01-10,20.1,32,35
2011-01-11,21.6,26.4,1.4
2011-01-12,21.5,28.9,5
2011-01-13,22.1,30.6,14.2
2011-01-14,24,25.5,2.4
2011-01-15,19.9,31.4,13.8
2011-01-16,18.5,33.7,0
2011-01-17,19.8,26.9,0
2011-01-18,12.9,27.2,0
2011-01-19,12.9,29.3,0
2011-01-20,16.1,31.9,0
2011-01-21,17.8,32.5,0
2011-01-22,19.8,34.6,0
2011-01-23,20.7,31.4,0
2011-01-24,19.8,30.6,0
2011-01-25,14.9,32,0
2011-01-26,21.1,34.4,0
2011-01-27,14.3,31.6,0
2011-01-28,12.6,32.3,0
2011-01-29,14.5,32,0
2011-01-30,16.7,35.4,0
2011-01-31,19.9,38.2,0
2011-02-01,20.5,39.8,0
2011-02-02,21.9,33.7,0
2011-02-03,21.9,36,3.4
2011-02-04,22.5,28.2,2.6
2011-02-05,20.4,23,99.2
2011-02-06,14.7,21.5,51
2011-02-07,10.8,25.5,0
2011-02-08,13.4,27.3,0
2011-02-09,15,29.4,0
2011-02-10,17,29.7,0
2011-02-11,19.8,24.8,39.8
2011-02-12,18.7,28.5,28.2
2011-02-13,15.1,28.6,0
2011-02-14,14.5,29.2,0
2011-02-15,16.4,28,0
2011-02-16,18.9,22,0.2
2011-02-17,18.9,29.2,5.8
2011-02-18,19.3,30.7,0
2011-02-19,21.7,29,12.2
2011-02-20,16.7,25.7,12.8
2011-02-21,10.1,22.5,0
2011-02-22,12.3,25.2,0
2011-02-23,12.6,28,0.2
2011-02-24,13.9,29.2,0
2011-02-25,16.5,29.8,0
2011-02-26,15.6,30.9,0
2011-02-27,19.6,24.8,0.2
2011-02-28,17.9,30,11.8
2011-03-01,16,22.8,0
2011-03-02,8.8,23.4,0
2011-03-03,8.4,22.3,0
2011-03-04,8.6,22.1,0
2011-03-05,11.5,25,0
2011-03-06,9.6,25.3,0
2011-03-07,10.6,26.6,0
2011-03-08,11.4,28.7,0
2011-03-09,16.8,27,0
2011-03-10,18.7,20.8,13.4
2011-03-11,16.8,27,10.2
2011-03-12,17.2,28.2,0.6
2011-03-13,19.6,29.3,0.6
2011-03-14,18.2,26.9,19.8
2011-03-15,16.3,28.4,0.2
2011-03-16,17.1,28.2,0.4
2011-03-17,12.1,25.9,0.2
2011-03-18,12.8,26.3,0
2011-03-19,13.3,27.4,0
2011-03-20,13.9,28.1,0
2011-03-21,18.2,25.9,0
2011-03-22,18.6,26.8,0
2011-03-23,16.3,20.1,0
2011-03-24,13.9,22,8
2011-03-25,13.3,22.1,0
2011-03-26,9.6,24.2,0
2011-03-27,9.8,23,0
2011-03-28,10.2,24.7,0
2011-03-29,11.5,25.7,0
2011-03-30,12.3,25.8,0
2011-03-31,7.2,22.1,0.2
2011-05-01,8.7,20.4,0
2011-05-02,12.3,22.3,0
2011-05-03,9,21.9,0
2011-05-04,6.7,19,0.6
2011-05-05,4.4,18.1,0.2
2011-05-06,2.8,16.8,0
2011-05-07,3.4,15.9,0
2011-05-08,2.1,16.8,0
2011-05-09,3.8,16.1,0
2011-05-10,1.1,15.2,0
2011-05-11,3,11,3.6
2011-05-12,0.2,10.1,0.4
2011-05-13,3.8,14.1,5
2011-05-14,3.8,14.3,1.8
2011-05-15,-0.7,13.7,0
2011-05-16,0.8,11.2,0
2011-05-17,0.5,15.8,0
2011-05-18,2.3,17.9,0
2011-05-19,2.7,16,0
2011-05-20,4.5,18.6,0
2011-05-21,3.3,20.5,0
2011-05-22,5.8,22,0
2011-05-23,10.2,15,17.4
2011-05-24,8.9,15.6,3.6
2011-05-25,3.1,14.7,0
2011-05-26,1.3,14.9,0
2011-05-27,1.9,13.8,0
2011-05-28,2.6,13.9,0
2011-05-29,2.5,14.8,0
2011-05-30,3.6,15.9,0
2011-05-31,2.8,19.4,0
2011-06-01,3.1,19.8,0
2011-06-02,2.9,17.6,0
2011-06-03,4.3,18.3,0
2011-06-04,8.5,14.8,8.8
2011-06-05,2.2,12,0
2011-06-06,4.9,12.8,2
2011-06-07,-0.5,9.8,0
2011-06-08,1.5,10.2,2.6
2011-06-09,2.9,14.6,0
2011-06-10,-1.1,14,0
2011-06-11,-1.4,13.9,0
2011-06-12,1,16.1,0.2
2011-06-13,-0.3,15.9,0
2011-06-14,1.7,16.7,0
2011-06-15,0.5,16.9,0
2011-06-16,1,16.1,0
2011-06-17,3,12.6,1
2011-06-18,5.7,12.5,0.2
2011-06-19,3.3,11.8,0
2011-06-20,7.6,14.6,3.6
2011-06-21,6.6,11.6,10.6
2011-06-22,5.9,11.1,0.6
2011-06-23,6.2,14.2,3.4
2011-06-24,2.9,13.1,0
2011-06-25,5.5,15.5,0.4
2011-06-26,3.2,15.7,0
2011-06-27,0.9,16.4,0
2011-06-28,-0.2,15.2,0
2011-06-29,0.9,16.6,0
2011-06-30,0.3,15.2,0
2011-07-01,0.3,14.1,0
2011-07-02,0.2,15.2,0
2011-07-03,2.9,14.8,0
2011-07-04,6.3,14.8,15.4
2011-07-05,6.9,11.2,3.8
2011-07-06,7,10.8,1.2
2011-07-07,6.8,11.2,4.4
2011-07-08,-0.5,8.3,0
2011-07-09,4.3,9.2,4.2
2011-07-10,6.4,11,0
2011-07-11,4.7,11.8,6.6
2011-07-12,5.7,10.5,0
2011-07-13,7.1,9.8,0
2011-07-14,-0.3,12.6,4
2011-07-15,-1.6,12.1,0
2011-07-16,0.2,14.1,0
2011-07-17,5.3,11.1,0
2011-07-18,8.4,11,8.8
2011-07-19,0.4,14.5,1.8
2011-07-20,0.3,16.7,0.2
2011-07-21,3.5,17.2,0
2011-07-22,6.9,15.6,0
2011-07-23,0.1,14.6,0
2011-07-24,1.6,9.3,0.2
2011-07-25,5.5,13.2,16.2
2011-07-26,4.1,14.1,2.2
2011-07-27,0.5,14.5,0
2011-07-28,0.2,13.1,0
2011-07-29,-1.4,14.7,0
2011-07-30,0.6,16.1,0.2
2011-07-31,4.9,14.7,1
2011-08-01,3.4,19,0
2011-08-02,6.5,20.6,0
2011-08-03,3.9,21.5,0.2
2011-08-04,7.1,22.9,0
2011-08-05,5.6,20.7,0
2011-08-06,9.9,12.9,14.6
2011-08-07,5.3,11.1,4.2
2011-08-08,7.1,12.3,8.2
2011-08-09,3.1,10.1,1.2
2011-08-10,6.3,10.9,3.6
2011-08-11,3.4,16.8,2.8
2011-08-12,1.6,16.3,0
2011-08-13,0.7,13.4,0
2011-08-14,4.3,17.3,0
2011-08-15,3.9,13.8,1.2
2011-08-16,9,19.4,0.2
2011-08-17,7.1,12.6,5.6
2011-08-18,7.4,10.8,30.8
2011-08-19,6.9,19.3,0.8
2011-08-20,3.2,17.3,0
2011-08-21,2.1,18,0
2011-08-22,1.8,17.7,0
2011-08-23,2.5,16.9,0
2011-08-24,2.4,17.5,0
2011-08-25,2.5,20.7,0
2011-08-26,1.9,16.6,0
2011-08-27,0.8,16.8,0
2011-08-28,0.4,16.2,0
2011-08-29,1.4,15.9,0
2011-08-30,0.6,15.7,0
2011-08-31,0.4,15.8,0
2011-09-01,2.6,18.3,0
2011-09-02,2.8,20.4,0
2011-09-03,2.6,19.6,0
2011-09-04,6.5,16.8,0
2011-09-05,4.8,21.4,3.2
2011-09-06,10.8,18.8,5
2011-09-07,-0.1,14.4,1
2011-09-08,0.4,15.9,0
2011-09-09,2.7,14,0
2011-09-10,4,NA,0.2
2011-09-11,NA,NA,NA
2011-09-12,NA,NA,NA
2011-09-13,NA,15.8,NA
2011-09-14,0.9,20.8,NA
2011-09-15,1.7,17.2,0
2011-09-16,4.4,20.8,0
2011-09-17,3.7,21.7,0
2011-09-18,5.5,23.9,0
2011-09-19,5.3,26.7,0
2011-09-20,10.1,13.6,1
2011-09-21,1.7,18.2,3.6
2011-09-22,4.4,22.1,0
2011-09-23,10,18.4,0
2011-09-24,1.9,18.3,0
2011-09-25,8.6,19.8,1
2011-09-26,3.1,19.6,0
2011-09-27,7,21.3,0
2011-09-28,11.5,19.2,0.6
2011-09-29,10.7,12.3,28.4
2011-09-30,7.5,15.5,8.2
2011-10-01,8.2,13.5,3.8
2011-10-02,4.2,17.6,5.8
2011-10-03,2.9,18.3,0.8
2011-10-04,4.1,19.3,0
2011-10-05,5.6,17.8,0
2011-10-06,10.2,16,0
2011-10-07,11.1,21.4,4.2
2011-10-08,8.7,21.8,0
2011-10-09,10.7,18.6,0
2011-10-10,3.2,14.4,2
2011-10-11,5.9,16.7,NA
2011-10-12,2.6,20.3,0
2011-10-13,5.3,23.2,0
2011-10-14,10,24.3,0
2011-10-15,10.3,25.5,0
2011-10-16,9.1,18.7,0
2011-10-17,4.3,20.3,0
2011-10-18,5.2,23.7,0
2011-10-19,5.7,25.7,0
2011-10-20,8.3,28,0
2011-10-21,11.3,24.7,0
2011-10-22,13.3,25.9,0
2011-10-23,11.7,30.9,0
2011-10-24,18,28.4,0
2011-10-25,11.9,20.6,12.2
2011-10-26,11.7,23.3,0
2011-10-27,8.8,23.8,0
2011-10-28,12.4,25.9,0
2011-10-29,16.7,25,1.2
2011-10-30,9.9,20.1,0
2011-10-31,6.4,23.1,0
2011-11-01,9.3,24.8,0
2011-11-02,11.4,22.2,0
2011-11-03,9.3,22.3,0
2011-11-04,8.1,26.6,0
2011-11-05,9.8,29.6,0
2011-11-06,13.8,32.9,0
2011-11-07,15.8,28.5,5.4
2011-11-08,16.7,30.1,0
2011-11-09,15.7,31.2,0
2011-11-10,13.9,22.8,34.8
2011-11-11,9.6,25.3,0
2011-11-12,12.5,27,0
2011-11-13,13,28.3,0
2011-11-14,16.1,28.3,0
2011-11-15,11.9,29.3,0
2011-11-16,16,22,0
2011-11-17,12.8,27.5,0.2
2011-11-18,15.1,31.9,0
2011-11-19,19.9,29.6,0
2011-11-20,17.4,22.8,0
2011-11-21,8.1,23.5,0
2011-11-22,11.9,22.7,2.6
2011-11-23,10,24.4,0
2011-11-24,10.8,26,0
2011-11-25,15,20,11
2011-11-26,15,25,44
2011-11-27,15,27,14
2011-11-28,12,31.5,0
2011-11-29,18.4,35.9,0
2011-11-30,19.2,21.6,16.6
2011-12-01,7.2,22.9,2.8
2011-12-02,10.6,23.6,0
2011-12-03,10.2,27.1,0
2011-12-04,9.7,22.9,0
2011-12-05,9.6,22.5,0
2011-12-06,8.5,25,0
2011-12-07,12.6,26.6,0
2011-12-08,15,29,0
2011-12-09,13.6,29.1,0
2011-12-10,17.8,25.1,0
2011-12-11,15.8,28.3,12.2
2011-12-12,10.9,26.7,0
2011-12-13,12.6,24.6,0
2011-12-14,11,25,0
2011-12-15,11.7,27.7,0
2011-12-16,14.2,28.9,0
2011-12-17,14,30.7,0
2011-12-18,19.3,25.6,0
2011-12-19,18.7,27.8,3.6
2011-12-20,13.4,29.9,0
2011-12-21,18.6,28.5,0
2011-12-22,16.4,29.6,0.6
2011-12-23,15.2,31.3,0
2011-12-24,16,33.1,0
2011-12-25,17.4,26.6,5.2
2011-12-26,17,29.4,9
2011-12-27,15,29,0
2011-12-28,15.2,29.4,0
2011-12-29,13.8,29.7,0
2011-12-30,15,30.4,0
2011-12-31,15.8,31.8,0
2012-01-01,15.7,34.9,0
2012-01-02,17.8,36,0
2012-01-03,19.7,38.9,0
2012-01-04,20.5,32.5,0
2012-01-05,13.3,30.6,0.4
2012-01-06,12.6,29.2,0
2012-01-07,11.7,33.4,0
2012-01-08,19.1,26.1,5.6
2012-01-09,12.7,24.6,3.8
2012-01-10,10.8,24.8,0
2012-01-11,12,19.5,0.4
2012-01-12,6.2,25,1.2
2012-01-13,9.9,28.3,0
2012-01-14,13.3,29.4,0
2012-01-15,15.1,31,0
2012-01-16,16.5,31.6,0
2012-01-17,18.9,33.4,0
2012-01-18,16.1,30.7,0
2012-01-19,17.8,36.1,0.4
2012-01-20,20.1,36.2,0
2012-01-21,18.5,35.3,0
2012-01-22,20.9,33,0
2012-01-23,14,32.1,0
2012-01-24,16.3,32.8,0
2012-01-25,17.8,35.5,0
2012-01-26,17.5,36.4,0
2012-01-27,19.9,35.4,0
2012-01-28,19.9,34.5,0
2012-01-29,20,36,0
2012-01-30,20.8,29.1,26.8
2012-01-31,15.1,27.9,9
2012-02-01,14.9,28.5,0
2012-02-02,15.2,29.4,0
2012-02-03,17,29.8,0
2012-02-04,15.5,32.5,0
2012-02-05,16,33.5,0
2012-02-06,11.1,25.6,1.4
2012-02-07,10.9,28.1,0
2012-02-08,12,28.9,0
2012-02-09,14.8,24.6,0
2012-02-10,13.8,27.4,3.6
2012-02-11,11.5,27.8,0
2012-02-12,12,29.4,3.2
2012-02-13,13.5,29.7,0
2012-02-14,14.7,31.4,0
2012-02-15,15,31.9,0
2012-02-16,16.9,28.3,0.4
2012-02-17,17.6,31.3,0
2012-02-18,15.9,31.2,0
2012-02-19,19.6,28,0
2012-02-20,16.1,21.4,0
2012-02-21,13.5,28.9,1.4
2012-02-22,14.5,30.5,0
2012-02-23,13.7,32.4,0
2012-02-24,14.2,34.5,0
2012-02-25,15.2,36.1,0
2012-02-26,17.6,25.5,1.4
2012-02-27,18.5,28,10.6
2012-02-28,18.8,26.6,38.4
2012-02-29,19.5,24.8,0.6
2012-03-01,17.1,20.9,104.2
2012-03-02,17,25.8,36.6
2012-03-03,18.8,19.6,0
2012-03-04,16.7,24.8,66
2012-03-05,11.8,25.1,0
2012-03-06,12.4,26.2,0
2012-03-07,15.8,23.2,0
2012-03-08,15.1,24.1,0
2012-03-09,12.1,27.1,0.4
2012-03-10,10.8,25.9,0
2012-03-11,10,25.8,0
2012-03-12,13.1,27.8,0
2012-03-13,13.7,29.9,0
2012-03-14,15.5,29.3,0
2012-03-15,17.2,30,9.6
2012-03-16,19.2,20.4,19.2
2012-03-17,12.6,24.4,17.4
2012-03-18,10.4,25.5,0
2012-03-19,11.6,26.3,0
2012-03-20,12.4,28.4,0
2012-03-21,16.5,27.7,0
2012-03-22,8.2,22.1,0
2012-03-23,11,18.3,0
2012-03-24,8.9,19.7,0.4
2012-03-25,6.2,21,0
2012-03-26,7.7,23,0
2012-03-27,10.6,22,0
2012-03-28,13.5,23.4,0
2012-03-29,9.4,25.4,1.4
2012-03-30,11,26.5,0
2012-03-31,10.2,27.6,0
2012-04-01,12.6,26.3,0
2012-04-02,11.1,25.9,0
2012-04-03,12.9,29.9,0
2012-04-04,13.1,28.1,0
2012-04-05,12.7,28.5,0
2012-04-06,14.5,28.6,0
2012-04-07,10.1,20.4,0
2012-04-08,5.4,19.1,0
2012-04-09,5,18.6,0
2012-04-10,1,17.5,0
2012-04-11,3,20.1,0
2012-04-12,4.3,21.7,0
2012-04-13,4.8,22.7,0
2012-04-14,6.7,19.8,0
2012-04-15,9.4,25.4,0
2012-04-16,8.2,26.2,0
2012-04-17,9.9,24.9,0
2012-04-18,13.7,26.2,0
2012-04-19,16.9,21.4,0.8
2012-04-20,14.6,22.7,34.2
2012-04-21,11.2,25.4,0
2012-04-22,14,23,1.4
2012-04-23,12.2,22.5,8.2
2012-04-24,10,14.2,0.8
2012-04-25,7.3,17,1
2012-04-26,5,17,0
2012-04-27,5.5,19.6,0
2012-04-28,5.4,19.6,0
2012-04-29,4.6,18.4,0
2012-04-30,4.4,19.9,0
2012-05-01,6.8,20.7,0
2012-05-02,7.6,16.3,0
2012-05-03,2,14.7,1.6
2012-05-04,3.5,15.7,0
2012-05-05,3.2,15.5,0
2012-05-06,4.1,13.3,0
2012-05-07,4,14.5,0
2012-05-08,5.5,20.3,0
2012-05-09,7.2,17,0
2012-05-10,7.5,21.4,0.4
2012-05-11,6.2,19.5,0
2012-05-12,1,14.7,0
2012-05-13,6.4,14.8,0
2012-05-14,-0.4,15.5,0
2012-05-15,0.4,17.5,0
2012-05-16,3.2,17,0
2012-05-17,2.3,16.7,0
2012-05-18,2.3,15.3,0
2012-05-19,2.6,17.8,0
2012-05-20,1.9,17.2,0
2012-05-21,0.9,15,0
2012-05-22,1.9,15.6,0
2012-05-23,4.2,19.9,0
2012-05-24,7.8,17,0
2012-05-25,5.5,9.4,29.4
2012-05-26,6.7,13.2,6
2012-05-27,5.7,15.4,0.4
2012-05-28,1.9,15.9,0.2
2012-05-29,1.7,17.4,0
2012-05-30,2.1,18.2,0
2012-05-31,1.1,16.1,0
2012-06-01,3.5,16.3,0
2012-06-02,2.2,14.6,0
2012-06-03,5.7,13.7,3.6
2012-06-04,4.8,14.5,0
2012-06-05,6.2,16,6
2012-06-06,-1,15.1,0
2012-06-07,0.1,14.3,0
2012-06-08,-0.8,13.9,0.2
2012-06-09,0,14.8,0
2012-06-10,0.2,15.6,0
2012-06-11,-0.3,15.9,0
2012-06-12,0.4,16.4,0.2
2012-06-13,0.2,15.2,0
2012-06-14,2.3,16.7,0
2012-06-15,7.3,15.6,0
2012-06-16,1.4,10.3,0
2012-06-17,4.4,11.6,0
2012-06-18,1.3,12.7,0
2012-06-19,5.6,14.2,2.8
2012-06-20,-1.3,11.7,0
2012-06-21,3,13.8,0.6
2012-06-22,7.5,9.7,5.2
2012-06-23,-1.7,10.6,0.8
2012-06-24,0.2,11.3,0.4
2012-06-25,3.1,13.3,1.4
2012-06-26,2.4,14.3,1
2012-06-27,1.8,13.7,0
2012-06-28,1.2,12.3,0
2012-06-29,5.5,15.5,3.8
2012-06-30,0.6,11.7,4.6
2012-07-01,3.7,9.6,3.8
2012-07-02,6.4,12.3,4.6
2012-07-03,0.3,12.6,0
2012-07-04,-0.2,13.9,0.2
2012-07-05,-1,14.2,0.2
2012-07-06,-2,12.9,0
2012-07-07,-2.5,13.3,0
2012-07-08,-1.6,13.7,0.2
2012-07-09,0.2,15.1,0
2012-07-10,5.2,11.9,2.4
2012-07-11,9,14,27.2
2012-07-12,3.8,12.6,0
2012-07-13,7.1,15.8,15.4
2012-07-14,9.8,14.5,14.2
2012-07-15,6.4,11.3,9.4
2012-07-16,7.2,12.4,2.8
2012-07-17,8.7,15.4,0.4
2012-07-18,7.7,15.3,0
2012-07-19,-0.8,12.7,0.6
2012-07-20,2.3,15.3,0
2012-07-21,1.4,15.3,0
2012-07-22,0,15.7,0.2
2012-07-23,-0.1,16.1,0
2012-07-24,0.4,13.6,0
2012-07-25,2.9,14.6,0
2012-07-26,7,14.8,2.4
2012-07-27,6.7,11.5,6.2
2012-07-28,4.1,13.2,4
2012-07-29,1.1,13.7,1.8
2012-07-30,-0.6,13.1,0
2012-07-31,-1.3,13.9,0
2012-08-01,-0.5,13.7,0.2
2012-08-02,-1.8,12.1,0
2012-08-03,2.5,14.9,0
2012-08-04,1.5,14.9,0
2012-08-05,3,16.6,2
2012-08-06,4.1,11.9,1.4
2012-08-07,2.6,13.4,0
2012-08-08,-0.5,16.3,0
2012-08-09,5.7,11.8,11.2
2012-08-10,-0.5,15.4,1
2012-08-11,-0.7,16.6,0
2012-08-12,0.6,16.5,0
2012-08-13,-0.1,15.4,0
2012-08-14,1.9,16,0
2012-08-15,2.1,13,1.2
2012-08-16,6.2,14.7,0.6
2012-08-17,6.4,11.7,13.4
2012-08-18,3,14.9,6.6
2012-08-19,0.6,13.3,0
2012-08-20,2.1,12.4,0
2012-08-21,2.1,16.4,0
2012-08-22,6.2,19.4,0
2012-08-23,8.2,13.6,1
2012-08-24,5.3,11.4,9.4
2012-08-25,6.1,10.7,2
2012-08-26,7,14.2,0.8
2012-08-27,-0.2,14.3,0
2012-08-28,1.2,15.3,0
2012-08-29,2.9,17.6,0
2012-08-30,6.2,12.8,0.6
2012-08-31,3.4,13.4,1
2012-09-01,-1.3,15,0.4
2012-09-02,0,16.2,0
2012-09-03,0.6,18.7,0
2012-09-04,4.3,21.2,0
2012-09-05,2.7,22.1,0
2012-09-06,7.7,17.2,0.2
2012-09-07,6.8,13.8,2.6
2012-09-08,7.5,15.2,3.4
2012-09-09,6.8,17.3,0
2012-09-10,3.5,19.1,0
2012-09-11,2.7,18.8,0
2012-09-12,2.6,20.9,0
2012-09-13,9.1,15.5,1.6
2012-09-14,0.8,13.7,0
2012-09-15,2.4,17.5,0
2012-09-16,3,17.6,0
2012-09-17,4.7,17.9,0
2012-09-18,5,16.5,0
2012-09-19,8.4,19.2,13.2
2012-09-20,10.4,22.1,0.4
2012-09-21,11.9,19.4,0
2012-09-22,5.1,19.9,0.2
2012-09-23,4.2,20.7,0
2012-09-24,5.3,15,0
2012-09-25,0.8,17.7,0
2012-09-26,2.5,22,0
2012-09-27,7.6,25.7,0
2012-09-28,14.3,24.3,0
2012-09-29,8.1,14,4.2
2012-09-30,2.6,15.3,0.2
2012-10-01,1.8,19.1,0
2012-10-02,4.6,22.2,0
2012-10-03,5.2,24.8,0
2012-10-04,5.6,28.7,0
2012-10-05,7.5,24.3,0
2012-10-06,11.7,13.1,NA
2012-10-07,2.7,17.1,33.4
2012-10-08,3.5,16.8,0
2012-10-09,3.5,18.3,0
2012-10-10,5.6,16.2,0
2012-10-11,7.4,11.6,0.8
2012-10-12,5,17.9,7.6
2012-10-13,4,18.6,0
2012-10-14,4.7,21,0
2012-10-15,6.4,25.7,0
2012-10-16,8.7,19,0
2012-10-17,5.2,19,2.2
2012-10-18,5.5,22.6,0
2012-10-19,8.5,27.2,0
2012-10-20,8.8,24.9,0
2012-10-21,7.9,20.7,0
2012-10-22,5.8,19,0
2012-10-23,4.4,20.7,0
2012-10-24,5.4,23.6,0
2012-10-25,12.7,23.8,0
2012-10-26,7.1,18.5,0
2012-10-27,6.3,20.4,0
2012-10-28,6.2,23.7,0
2012-10-29,9,27,0
2012-10-30,11,28.8,0
2012-10-31,10.8,31.2,0
2012-11-01,17.3,20.6,0
2012-11-02,6.4,22.4,0
2012-11-03,9.2,24.5,0
2012-11-04,9.2,28.5,0
2012-11-05,11.6,27.3,0
2012-11-06,17.8,29.7,0.4
2012-11-07,18.4,20,10.6
2012-11-08,16.1,26.1,24.6
2012-11-09,10.3,21.8,1.6
2012-11-10,6.5,22.9,0
2012-11-11,8.3,24.5,0
2012-11-12,9.3,31.6,0
2012-11-13,9.1,24.6,0
2012-11-14,9.9,24.6,0
2012-11-15,10,26.2,0
2012-11-16,13.1,24.1,0
2012-11-17,9,24.2,0
2012-11-18,7.2,21.4,0
2012-11-19,5.8,25.3,0
2012-11-20,8.3,26.9,0
2012-11-21,12.3,32.4,0
2012-11-22,10.9,27.4,0
2012-11-23,11.1,29,0
2012-11-24,12.4,32.7,0
2012-11-25,15.3,36.7,0
2012-11-26,16.6,31.9,0
2012-11-27,15.9,28.1,0.2
2012-11-28,16.8,32.5,0.4
2012-11-29,17.8,37.4,0
2012-11-30,23,34.4,0
2013-01-01,12.1,34.5,0
2013-01-02,13.8,33.6,0
2013-01-03,15.8,36.9,0
2013-01-04,18.6,40.7,0
2013-01-05,19.8,43.4,0
2013-01-06,20.9,42,12.6
2013-01-07,21.9,40.4,0
2013-01-08,21.9,39.2,0
2013-01-09,13.3,25.1,0
2013-01-10,11.2,32.2,0
2013-01-11,14.5,38.8,0
2013-01-12,17,28.8,0
2013-01-13,18.1,22.3,0
2013-01-14,8.9,27.1,3.2
2013-01-15,11.2,31.4,0
2013-01-16,13.6,36.1,0
2013-01-17,15.5,39.9,0
2013-01-18,18.9,43.1,0
2013-01-19,18.1,32.2,0.8
2013-01-20,16.4,34.6,0
2013-01-21,19.2,36.8,0
2013-01-22,16.6,36.5,0.2
2013-01-23,15.7,34,0
2013-01-24,15.9,37,0
2013-01-25,21.2,35.2,0
2013-01-26,21.6,36.5,0
2013-01-27,15.3,32.9,0
2013-01-28,18.4,34.7,0
2013-01-29,20.4,32.1,0
2013-01-30,9.9,29.9,0
2013-01-31,11.5,33.9,0
2013-03-01,16.9,26.6,0.4
2013-03-02,14.3,29.2,0
2013-03-03,12,31.8,0
2013-03-04,12.8,31,0
2013-03-05,13.5,30.9,0
2013-03-06,14.4,31.3,0
2013-03-07,16.6,33.8,0
2013-03-08,17.9,34.9,0
2013-03-09,18.6,33,0
2013-03-10,19.7,35.1,0
2013-03-11,20.1,35.7,0
2013-03-12,19.4,33.7,0
2013-03-13,17.7,33.9,0
2013-03-14,15.5,30.7,0
2013-03-15,13.8,31.7,0
2013-03-16,12,27.5,0
2013-03-17,11.1,23,0.2
2013-03-18,7.1,24.1,0
2013-03-19,9.1,26.3,0
2013-03-20,9.9,28.6,0
2013-03-21,14.9,20.2,2.6
2013-03-22,10.1,23.3,17.4
2013-03-23,9,24.2,0
2013-03-24,9.5,28.3,0
2013-03-25,10.3,27.7,0
2013-03-26,14.9,31.3,0
2013-03-27,13.8,35.1,0
2013-03-28,18.3,22.2,10.4
2013-03-29,6.6,20.4,19.8
2013-03-30,7,21.5,0.2
2013-03-31,10.9,23,0
2013-04-01,8.4,22.9,0
2013-04-02,8.5,23.8,0
2013-04-03,8.6,22.5,0
2013-04-04,8.9,24.3,0
2013-04-05,10.3,25.3,0
2013-04-06,11.2,25.7,0
2013-04-07,10,26.7,0
2013-04-08,11.5,26,0
2013-04-09,10.7,26.6,0
2013-04-10,10.3,27.1,0
2013-04-11,10.3,27.6,0
2013-04-12,11.4,28.2,0
2013-04-13,10.4,26.7,0
2013-04-14,14.4,24.8,0
2013-04-15,14.5,23.6,0.8
2013-04-16,8.3,23.8,0
2013-04-17,8.9,22.2,0
2013-04-18,8.6,23.9,0
2013-04-19,5.1,17.8,0
2013-04-20,2.6,20.3,0
2013-04-21,4,21.1,0
2013-04-22,10.6,14.6,7
2013-04-23,10.9,20,1.6
2013-04-24,6,16.9,0
2013-04-25,5.7,20.5,0
2013-04-26,6,21.4,0
2013-04-27,5.6,23.1,0
2013-04-28,7.9,26.5,0
2013-04-29,7.9,15.8,0.2
2013-04-30,8.6,20.4,2.6
2013-05-01,9.3,17.9,0.2
2013-05-02,2.5,18.6,0
2013-05-03,1.7,20.6,0
2013-05-04,6.6,19.7,0.4
2013-05-05,1.6,17.9,0
2013-05-06,2.5,18.6,0
2013-05-07,3.9,NA,0
2013-05-08,7.7,21.9,NA
2013-05-09,4.7,22.3,NA
2013-05-10,6.2,23.2,NA
2013-05-11,5.7,23.4,0
2013-05-12,5,24.2,0
2013-05-13,11.3,15.7,9.8
2013-05-14,1.9,11.6,4.6
2013-05-15,6.1,13.7,7.4
2013-05-16,9.1,14,1.4
2013-05-17,3.5,14.9,1.6
2013-05-18,1.4,13.1,0
2013-05-19,0.6,15,0.2
2013-05-20,2.9,14.6,1.4
2013-05-21,5.3,14.9,1
2013-05-22,2.8,13.5,0
2013-05-23,5.4,17.2,0
2013-05-24,1.4,17.4,0
2013-05-25,-0.2,16.3,0
2013-05-26,1.3,12.8,0.2
2013-05-27,1.1,16.6,0
2013-05-28,2.7,18,0.2
2013-05-29,4.2,19.3,0
2013-05-30,7.8,15.2,0.6
2013-05-31,11.2,17.6,16
2013-06-01,10.3,15.4,19.4
2013-06-02,11.4,17.3,53.4
2013-06-03,0.6,14.3,0.2
2013-06-04,1.9,14.5,0
2013-06-05,3.5,13.6,0
2013-06-06,5.8,15,0.4
2013-06-07,8.5,16.9,1.2
2013-06-08,1.7,14.6,1
2013-06-09,0.6,13.8,0.2
2013-06-10,3.1,13.8,0
2013-06-11,3.4,15.6,0
2013-06-12,4.9,11.8,15
2013-06-13,10,13.4,16.8
2013-06-14,4.3,12.2,3.6
2013-06-15,1.2,15.4,0.2
2013-06-16,-0.2,14.3,0
2013-06-17,0.3,10.4,0.2
2013-06-18,3.1,15.5,0.6
2013-06-19,0.8,14.5,0
2013-06-20,0,14.1,0
2013-06-21,-0.5,13.2,0.2
2013-06-22,-1.3,13.9,0
2013-06-23,-0.4,14.1,0
2013-06-24,2,13.1,0
2013-06-25,7.8,17,1
2013-06-26,0.9,16.8,0
2013-06-27,-0.1,14.1,0
2013-06-28,2,16,0
2013-06-29,4.3,18.4,0
2013-06-30,1.4,15.7,0
2013-07-01,2,12.9,0
2013-07-02,7.4,16,0.6
2013-07-03,3.1,14.8,0
2013-07-04,1.9,15.4,0.2
2013-07-05,8.4,12.2,0
2013-07-06,4.8,13.3,1.6
2013-07-07,6.1,13,2.2
2013-07-08,4.6,13.9,2.6
2013-07-09,-0.5,12.6,0
2013-07-10,3.2,14.9,0.2
2013-07-11,1.7,15.1,0
2013-07-12,1.5,15.8,0
2013-07-13,5,14.8,0
2013-07-14,8,14,5
2013-07-15,11.1,14.6,5
2013-07-16,10.1,15.5,2.4
2013-07-17,11.1,18,2
2013-07-18,12.1,20.5,0
2013-07-19,13.5,17.3,33.6
2013-07-20,8.3,11.9,4.4
2013-07-21,4.5,11.2,7.2
2013-07-22,4.4,11.7,0
2013-07-23,3.4,12.4,0.6
2013-07-24,1.9,14.7,0
2013-07-25,0.8,11.3,0
2013-07-26,3.5,12.8,0
2013-07-27,0.3,13.9,0
2013-07-28,3,16.1,0.2
2013-07-29,6.2,17.7,5
2013-07-30,5.7,13.2,0.2
2013-07-31,5,14.5,0
2013-08-01,2.8,14.3,0
2013-08-02,7,15.9,0
2013-08-03,4.7,10.4,1.2
2013-08-04,6.3,13.1,1
2013-08-05,7.4,13.3,1.6
2013-08-06,8,13.6,2.8
2013-08-07,3.4,11.5,0.4
2013-08-08,5.9,15.9,8.2
2013-08-09,2.6,11.2,0
2013-08-10,5.7,16.6,2.8
2013-08-11,2.9,15.6,0
2013-08-12,5.8,14.9,17.2
2013-08-13,4.6,14.5,1.2
2013-08-14,7.4,18.4,0
2013-08-15,1.8,14.1,6.6
2013-08-16,2.1,16.2,0
2013-08-17,6.4,14.4,3.8
2013-08-18,4.7,18.3,0.6
2013-08-19,6.6,11.3,6
2013-08-20,1.5,10.7,9.8
2013-08-21,2.2,11,0.2
2013-08-22,6.4,11.9,4.2
2013-08-23,8.6,12.3,8.8
2013-08-24,6,15,4.2
2013-08-25,8.1,16.2,0
2013-08-26,9.5,17.1,0
2013-08-27,8.1,17.8,0.4
2013-08-28,5.4,20.8,0
2013-08-29,9.8,20,2.8
2013-08-30,10.2,18.5,3.6
2013-08-31,6.1,20.7,0.2
2013-09-01,5.3,22.2,0
2013-09-02,7,23.8,0
2013-09-03,8,23.3,0
2013-09-04,7.5,23.7,0
2013-09-05,11.9,22.6,0
2013-09-06,13.6,20.9,0
2013-09-07,10.1,19.8,0
2013-09-08,4.8,18.8,0.2
2013-09-09,7.9,23.4,0
2013-09-10,12.5,17.5,0
2013-09-11,6.2,16,0.4
2013-09-12,2.4,15.4,0
2013-09-13,2.6,14.7,0
2013-09-14,6.4,19.3,0.8
2013-09-15,3.7,20.3,0.2
2013-09-16,7.7,13.6,3.2
2013-09-17,10.8,18.4,37.4
2013-09-18,11.2,18.7,0.2
2013-09-19,7.7,14,1.2
2013-09-20,7.3,14.9,2
2013-09-21,5.2,17.6,0.4
2013-09-22,5.8,20.4,0.2
2013-09-23,6.1,23.9,0.2
2013-09-24,14.2,22.3,0
2013-09-25,10.6,24,0.2
2013-09-26,10.3,16.7,0.8
2013-09-27,2.6,18.5,3.6
2013-09-28,7.4,16.9,0
2013-09-29,3.7,20,0
2013-09-30,7,26.4,0
2013-10-01,15.8,17.2,1.6
2013-10-02,3.7,19.7,4
2013-10-03,6.8,16.5,1
2013-10-04,3.2,18.9,0
2013-10-05,5.5,21.7,0
2013-10-06,6.2,22.9,0
2013-10-07,4.9,20.1,0
2013-10-08,5.6,20.6,0
2013-10-09,5.6,24.3,0
2013-10-10,11.1,26,0
2013-10-11,NA,18.5,NA
2013-10-12,5.2,23.1,0
2013-10-13,6.8,24.7,0
2013-10-14,4.6,15.5,2.2
2013-10-15,2.5,20.1,0
2013-10-16,3.8,25.5,0
2013-10-17,11.2,17.7,0
2013-10-18,0.8,18.9,0
2013-10-19,3.6,24.7,0
2013-10-20,7.4,29.7,0
2013-10-21,10.8,27.6,0
2013-10-22,16,26.2,2.8
2013-10-23,13.3,18.2,2.6
2013-10-24,7.9,16.5,0.4
2013-10-25,2.1,17.5,0
2013-10-26,5,19.7,0
2013-10-27,5.3,21.3,0
2013-10-28,10.6,24.6,0
2013-10-29,9.4,22.6,0
2013-10-30,6,23.5,0
2013-10-31,6.3,25.2,0
2013-11-01,7.6,27.9,0
2013-11-02,8.6,27.9,0
2013-11-03,10.1,21.1,0
2013-11-04,3.1,20.3,0
2013-11-05,6.3,25.6,0
2013-11-06,6.9,29.6,0
2013-11-07,8.9,34.3,0
2013-11-08,17.7,30.9,0
2013-11-09,9.3,21.9,0
2013-11-10,10.5,21.3,0
2013-11-11,10.6,17.1,5.8
2013-11-12,12.1,18.6,4.4
2013-11-13,10.1,17.2,0.4
2013-11-14,8.2,21.5,0
2013-11-15,5.1,25.1,0
2013-11-16,12.4,26,0
2013-11-17,9.1,27.2,0
2013-11-18,9.5,28.4,0
2013-11-19,10.2,31.1,0
2013-11-20,11.3,33.7,0
2013-11-21,16.8,27.2,0
2013-11-22,10.6,27.1,0
2013-11-23,8.1,23.7,0
2013-11-24,8.6,26.1,0
2013-11-25,11.5,26.7,0
2013-11-26,8.2,29.7,0
2013-11-27,10.5,32.6,0
2013-11-28,14.2,35.4,0
2013-11-29,13.1,25.6,0
2013-11-30,9,27.5,0
2013-12-01,9.9,30.4,0
2013-12-02,15.6,34.4,0
2013-12-03,15.1,37.1,0
2013-12-04,21.5,23.7,0
2013-12-05,10.1,17.5,29.4
2013-12-06,5.8,20.4,3.2
2013-12-07,7.7,26.1,0
2013-12-08,10.2,32.1,0
2013-12-09,18.1,30.4,0
2013-12-10,12.1,22.4,0
2013-12-11,10.9,24.5,0
2013-12-12,9.9,27.6,0
2013-12-13,11.2,30.2,0
2013-12-14,14.4,29.5,0
2013-12-15,12.8,31.1,0
2013-12-16,15.8,32.9,0
2013-12-17,16.9,34,0
2013-12-18,18.8,37.6,0
2013-12-19,19.2,39.7,0
2013-12-20,22.2,40.7,0.2
2013-12-21,23.7,40.5,0
2013-12-22,25.2,36.4,0
2013-12-23,18.3,23.9,5.2
2013-12-24,11.6,29.1,13
2013-12-25,15.7,29.1,0
2013-12-26,14.9,30.8,0
2013-12-27,14,32.5,1.4
2013-12-28,14.4,37.1,0
2013-12-29,16.1,30.9,0
2013-12-30,11.7,30.9,0
2013-12-31,10.4,31.4,0
2014-01-01,12,27.4,0
2014-01-02,16.7,27.7,0
2014-01-03,18.9,30.6,0.2
2014-01-04,13.1,25.6,0
2014-01-05,8.4,29.4,0
2014-01-06,12.1,23.7,0
2014-01-07,9.8,27.5,0
2014-01-08,14.2,30.4,0
2014-01-09,16.9,29,0
2014-01-10,14.4,33.6,1.4
2014-01-11,16.5,36.5,0
2014-01-12,18.8,38.9,0
2014-01-13,17.1,39,0
2014-01-14,18.6,41.2,0
2014-01-15,21,41.8,0
2014-01-16,23,43.6,0
2014-01-17,21.7,42.6,0
2014-01-18,22,41.2,0
2014-01-19,21.3,37.9,0
2014-01-20,19,34.2,0
2014-01-21,17.9,33.2,0
2014-01-22,15.8,33.3,0
2014-01-23,16.2,34.5,0
2014-01-24,20.1,23.4,2.8
2014-01-25,13.3,25.9,31
2014-01-26,12.4,29.4,0
2014-01-27,14.8,32.7,0
2014-01-28,16.4,36.6,0
2014-01-29,18.8,40.6,0
2014-01-30,20.6,39.7,0
2014-01-31,21.8,41.7,0
2014-02-01,23.2,41.6,0
2014-02-02,20.7,41.1,0
2014-02-03,20.5,40.5,0
2014-02-04,21,31.9,1.2
2014-02-05,16.7,30.9,0
2014-02-06,16.6,33.7,0
2014-02-07,16.7,36.8,0
2014-02-08,18.4,40.1,0
2014-02-09,18.8,42,0
2014-02-10,18.6,36.8,0
2014-02-11,13.9,36.9,0
2014-02-12,17,36.2,0
2014-02-13,21.8,31.2,0
2014-02-14,21.3,30.6,0
2014-02-15,19.2,23.1,21.8
2014-02-16,20,31.4,7
2014-02-17,13,29.9,0
2014-02-18,15.3,33.4,0
2014-02-19,18.1,32.3,0
2014-02-20,11.6,22.8,1.6
2014-02-21,8.4,26.8,0
2014-02-22,10.6,29.8,0
2014-02-23,13.1,31.4,0
2014-02-24,14.5,33,0
2014-02-25,14.8,34.6,0
2014-02-26,17.5,31.4,0
2014-02-27,10.8,30.6,0
2014-02-28,16.4,27.7,0
2014-03-01,17,27.2,8.8
2014-03-02,15.8,30,0
2014-03-03,15.9,32.3,0
2014-03-04,15.9,32.2,0
2014-03-05,19.7,31.5,0.2
2014-03-06,16.1,32.6,0.2
2014-03-07,10.2,29.1,0
2014-03-08,13.3,32.5,0
2014-03-09,14,31.5,0
2014-03-10,14.9,34.5,0
2014-03-11,18.6,34.3,0
2014-03-12,19,30.1,2.8
2014-03-13,12.1,29.1,0
2014-03-14,14.4,31.9,0
2014-03-15,12.6,31,0
2014-03-16,13,20,2.6
2014-03-17,9.4,25.1,0
2014-03-18,12.8,27.8,0
2014-03-19,9.9,29.5,0
2014-03-20,10.3,32.5,0
2014-03-21,16,30.8,0
2014-03-22,14,25.5,4.4
2014-03-23,8.6,23.2,0
2014-03-24,10.6,20.7,0
2014-03-25,13.8,27.3,2.4
2014-03-26,14.4,21.9,0
2014-03-27,17.4,26.2,16.6
2014-03-28,17.6,25.8,0.4
2014-03-29,14.6,26.7,0
2014-03-30,13.8,19.7,0.4
2014-03-31,11.6,26.7,9.2
2014-04-01,14.6,28.3,0
2014-04-02,13.8,28.5,0
2014-04-03,17.6,21.6,1.6
2014-04-04,14.9,19.6,9
2014-04-05,14.5,23.3,16.8
2014-04-06,11.5,25.2,0
2014-04-07,12.8,24.9,0
2014-04-08,12.4,25,0
2014-04-09,15.8,18.2,5
2014-04-10,15.7,17.6,12.4
2014-04-11,16.4,24,66.2
2014-04-12,10.9,23.8,0.4
2014-04-13,12.1,23.9,0
2014-04-14,13,21,0
2014-04-15,8.2,22.4,0
2014-04-16,8.7,21.8,0
2014-04-17,7,22.4,0
2014-04-18,7.9,21.5,0
2014-04-19,4.3,18.1,0.4
2014-04-20,3.8,16.4,0
2014-04-21,4,17.4,0
2014-04-22,8.2,22.2,0
2014-04-23,12.3,22.5,1.6
2014-04-24,9.2,20.9,0
2014-04-25,5.3,22.5,0
2014-04-26,11.1,22.8,0
2014-04-27,5.3,21.1,0
2014-04-28,7.8,22.9,0
2014-04-29,10.4,22.6,0
2014-04-30,10.5,18.1,15
2014-05-01,5.5,17.3,0
2014-05-02,5.1,14.5,0
2014-05-03,8.4,12,3.8
2014-05-04,7.9,15.1,0.4
2014-05-05,9.1,15,0
2014-05-06,9.6,16.4,0.2
2014-05-07,3.2,16.3,0
2014-05-08,2.3,16.6,0
2014-05-09,3.3,17.8,0
2014-05-10,8.9,13.9,2.6
2014-05-11,8.1,18,11.4
2014-05-12,6.1,19.3,0
2014-05-13,4.9,18.1,0.2
2014-05-14,4.9,18.8,0
2014-05-15,6.1,18.5,0
2014-05-16,6.6,20.2,0
2014-05-17,6.5,19.5,0
2014-05-18,9.2,18.7,0
2014-05-19,7.8,19.6,0
2014-05-20,10.1,20.5,4.2
2014-05-21,9.4,20.3,0
2014-05-22,8.5,18.9,0.2
2014-05-23,8.1,20.4,0.2
2014-05-24,11,19.1,1.4
2014-05-25,7.7,18.8,0
2014-05-26,8.8,22.2,0.2
2014-05-27,12.4,17.5,0.6
2014-05-28,10.6,14,36.4
2014-05-29,8.8,17.5,0.4
2014-05-30,6.7,18.5,0
2014-05-31,5.5,18.7,0
2014-06-01,10,14,8.2
2014-06-02,10.1,15.8,2.2
2014-06-03,11.4,13.8,0.6
2014-06-04,11,14.6,1.4
2014-06-05,6.3,15.6,NA
2014-06-06,4.7,16,0.2
2014-06-07,2.6,16,0
2014-06-08,1,14.9,0
2014-06-09,1.2,18,0
2014-06-10,2.5,16.8,0
2014-06-11,1.7,14.9,0
2014-06-12,3.8,16.6,0
2014-06-13,7.9,12.2,3.6
2014-06-14,8.2,15.2,17.4
2014-06-15,6.6,16.4,1
2014-06-16,1.7,11.7,0
2014-06-17,5.7,13.8,6.8
2014-06-18,4.2,11.3,0
2014-06-19,5.4,11.2,0
2014-06-20,3.2,16.5,0
2014-06-21,6.9,15.1,0.4
2014-06-22,3.6,14.4,0.2
2014-06-23,5.8,12.2,0
2014-06-24,5.7,12.2,8.6
2014-06-25,5.8,13.2,7.6
2014-06-26,9.2,14.6,1.4
2014-06-27,8.4,14.4,0.4
2014-06-28,9,12.4,1.4
2014-06-29,6.4,10.7,5
2014-06-30,2,10.1,1.2
2014-07-01,4.9,11.1,1
2014-07-02,5.5,12.2,0
2014-07-03,4.7,13.9,0
2014-07-04,3.6,13.9,0.2
2014-07-05,4.1,11.1,1.8
2014-07-06,7.2,9.6,0
2014-07-07,4.8,10.7,0
2014-07-08,6.1,13.3,0
2014-07-09,5,11.6,3.8
2014-07-10,6.7,10.5,9.8
2014-07-11,7.1,11.3,0.4
2014-07-12,7.4,12.3,4.4
2014-07-13,-0.5,11.8,0
2014-07-14,-0.9,12.6,0.2
2014-07-15,3.5,11.3,0.2
2014-07-16,6,14.2,7.8
2014-07-17,8.1,12.4,2
2014-07-18,3.4,13.2,6.6
2014-07-19,-1.7,15.1,0
2014-07-20,-2.1,13.7,0
2014-07-21,0.3,13.2,0
2014-07-22,-1.3,13.8,0.2
2014-07-23,-1.5,14.6,0
2014-07-24,1,12.4,0
2014-07-25,2.2,17.8,1.8
2014-07-26,4.2,13.6,0.2
2014-07-27,6.7,12.7,0
2014-07-28,2.7,15,0.2
2014-07-29,3,16.9,0
2014-07-30,7.9,15.4,0
2014-07-31,8.9,19.7,0.4
2014-08-01,4.7,8.7,1
2014-08-02,-1.1,11.5,2.2
2014-08-03,-1.7,12.7,0.2
2014-08-04,-1.8,14,0
2014-08-05,-2.8,13.5,0
2014-08-06,0.1,10.5,0.2
2014-08-07,3.6,14.6,0
2014-08-08,2,13.8,0
2014-08-09,1.7,14.2,0
2014-08-10,5.5,14.6,0
2014-08-11,-1.3,12,0.2
2014-08-12,-1.7,14.1,0
2014-08-13,-1.5,14.6,0
2014-08-14,-0.7,16.2,0
2014-08-15,0.3,17,0
2014-08-16,0.9,15.3,0
2014-08-17,6.6,11.6,0
2014-08-18,7.6,18.3,6.6
2014-08-19,4,18.7,0
2014-08-20,2,16.3,0
2014-08-21,2.3,17.5,0
2014-08-22,2.6,18.5,0
2014-08-23,2.9,19.8,0
2014-08-24,3.8,17.8,0
2014-08-25,2,17.3,0
2014-08-26,4.7,20.2,0
2014-08-27,3.5,19.1,0
2014-08-28,2.3,18.7,0
2014-08-29,2.5,19.3,0
2014-08-30,2.3,18.8,0
2014-08-31,2.8,19.6,0
2014-09-01,4.6,20.5,0
2014-09-02,6.6,15.6,1
2014-09-03,-0.6,15.4,0.6
2014-09-04,0.2,16.3,0
2014-09-05,2.3,18,0
2014-09-06,3.3,18.8,0
2014-09-07,2.2,20.3,0
2014-09-08,3.7,20.3,0
2014-09-09,11.7,18.4,0.2
2014-09-10,7.7,16.5,12.4
2014-09-11,10.1,17.8,0
2014-09-12,1.7,17.4,0
2014-09-13,2.6,19.3,0
2014-09-14,3.2,20.1,0
2014-09-15,4.8,20.7,0
2014-09-16,7.8,19,0
2014-09-17,6.8,16.1,0.2
2014-09-18,3.8,15,0
2014-09-19,1.1,16.6,0
2014-09-20,2.9,18.9,0
2014-09-21,3.4,NA,0
2014-09-22,NA,NA,NA
2014-09-23,NA,24.1,NA
2014-09-24,7.8,19.8,NA
2014-09-25,12.7,21.8,41
2014-09-26,6.8,17.8,0.6
2014-09-27,5.3,20.6,0
2014-09-28,7.3,24.1,0
2014-09-29,11.3,21.9,0
2014-09-30,7.3,24.3,0
2014-10-01,5.3,16.3,0
2014-10-02,3.8,18.4,0
2014-10-03,4.9,22.8,NA
2014-10-04,5.8,23.5,0
2014-10-05,8.6,28.3,0
2014-10-06,12.9,29.9,0
2014-10-07,11.7,18.6,9.6
2014-10-08,5.1,18.6,0
2014-10-09,5.7,21.5,0
2014-10-10,7.6,23.6,0
2014-10-11,7.1,27.4,0
2014-10-12,8.2,30.3,0
2014-10-13,14.8,19.3,3.4
2014-10-14,7.3,18.1,3.2
2014-10-15,2.9,19.5,0.2
2014-10-16,3.5,19.3,0.2
2014-10-17,5.1,20.3,0
2014-10-18,5.3,23.1,0
2014-10-19,8.2,26.8,0
2014-10-20,10.7,26.9,0
2014-10-21,9.5,26.3,0
2014-10-22,10.8,29,0
2014-10-23,14.5,32.1,0
2014-10-24,16.9,32.9,0
2014-10-25,11.9,32.4,0
2014-10-26,11.8,29.1,0
2014-10-27,14.3,22,0.2
2014-10-28,6.4,19.9,1
2014-10-29,7.6,24.4,0
2014-10-30,8.9,29,1.8
2014-10-31,9.1,33.8,0
2014-11-01,15.2,21.7,0
2014-11-02,5.5,19.1,5
2014-11-03,5.8,24.4,0
2014-11-04,9.6,27.9,0
2014-11-05,12,26,0
2014-11-06,7.8,25.8,0
2014-11-07,9.2,29.9,0
2014-11-08,11.1,34,0
2014-11-09,13.6,30.7,0
2014-11-10,10,29.3,0
2014-11-11,9.4,29.3,0
2014-11-12,9.9,30.5,0
2014-11-13,12.7,33.2,0
2014-11-14,14.2,37.9,0
2014-11-15,17.5,24.3,0
2014-11-16,14.6,21.1,24.4
2014-11-17,8.3,22.4,0.2
2014-11-18,9.4,26.6,0
2014-11-19,10.4,29.7,0
2014-11-20,11.8,34.6,0
2014-11-21,18.5,29.5,0
2014-11-22,12.6,33.2,0
2014-11-23,17.3,36.2,0.6
2014-11-24,19.8,26.6,0
2014-11-25,10.1,22.8,27
2014-11-26,9.7,26,0.2
2014-11-27,12.8,28.3,0
2014-11-28,12.5,29.8,0
2014-11-29,14.7,32.3,0
2014-11-30,20.6,32.7,0
2014-12-01,20.5,32.4,0
2014-12-02,15.5,33.2,13.2
2014-12-03,14.8,25.8,0
2014-12-04,17.5,30.2,13.4
2014-12-05,17.2,28.9,0
2014-12-06,16,26.3,0.8
2014-12-07,15.7,23.7,4.4
2014-12-08,13.9,27.7,1.4
2014-12-09,13.9,31.2,0
2014-12-10,15,29.7,0
2014-12-11,15.8,27.4,1.4
2014-12-12,12.9,27.5,0
2014-12-13,13,29.1,0
2014-12-14,13.1,29.1,0
2014-12-15,14.2,35.6,0
2014-12-16,20.3,34.9,0.4
2014-12-17,11.7,26.4,0
2014-12-18,10.5,29.3,0
2014-12-19,10.2,25,0
2014-12-20,11.1,30,0
2014-12-21,14.1,33.6,0
2014-12-22,17.5,35.5,0
2014-12-23,21.2,33.4,0.6
2014-12-24,18,33.7,0.4
2014-12-25,14.4,32.2,0
2014-12-26,15.1,25.7,0
2014-12-27,9.9,28.9,0
2014-12-28,16.2,31.7,0
2014-12-29,17.7,33.7,0
2014-12-30,12,27,1.4
2014-12-31,10.1,30.6,0
2015-01-01,11.4,33.5,0
2015-01-02,15.5,39.6,0
2015-01-03,17.1,38.3,0
2015-01-04,26,33.1,0
2015-01-05,19,35.2,0
2015-01-06,20.5,36.1,0
2015-01-07,20.3,36.5,0
2015-01-08,20.7,34.1,0
2015-01-09,20.4,26.4,5.4
2015-01-10,19.7,21.7,7
2015-01-11,18.4,30.6,12.6
2015-01-12,17.6,33.1,0.2
2015-01-13,18.1,27,0
2015-01-14,17.9,28.1,46.8
2015-01-15,13.5,28.3,0.4
2015-01-16,11.4,28.4,0
2015-01-17,15.8,27.6,0
2015-01-18,12.1,28,0
2015-01-19,14.7,28.6,0
2015-01-20,14.4,31.1,0
2015-01-21,18.1,28.8,8.4
2015-01-22,17.7,33.7,0
2015-01-23,20.2,36,0
2015-01-24,20.1,30.8,15.8
2015-01-25,18,26.9,0.2
2015-01-26,11.5,26,0
2015-01-27,15.4,28.9,0
2015-01-28,16.6,27.5,0
2015-01-29,14,25,0
2015-01-30,9.2,24,0
2015-01-31,10.5,26.8,0
2015-02-01,13.8,28.5,0
2015-02-02,16.9,29,0
2015-02-03,13.6,29.8,0
2015-02-04,15.2,29.5,0
2015-02-05,15,31.4,0
2015-02-06,15.7,33.1,0
2015-02-07,16.9,33.5,0
2015-02-08,19.6,38.8,0.2
2015-02-09,20.4,36.1,0
2015-02-10,18.3,34,0
2015-02-11,20.3,35.8,0
2015-02-12,17.8,31.9,9.8
2015-02-13,18.3,32,0
2015-02-14,19.3,24.7,0.2
2015-02-15,16.9,30.9,10.6
2015-02-16,19.7,34.9,0
2015-02-17,20.5,33.9,0
2015-02-18,19.7,28.2,0
2015-02-19,18,33.1,6
2015-02-20,19,33.3,0.2
2015-02-21,18.4,34.6,0
2015-02-22,19,34.5,0
2015-02-23,18.4,35.9,0
2015-02-24,17.5,29.5,8
2015-02-25,17.6,30.3,0.2
2015-02-26,18,29.8,0
2015-02-27,14.5,31.5,0
2015-02-28,18.1,35.1,0
2015-03-01,19.3,28.6,1.4
2015-03-02,12.1,28.6,0.2
2015-03-03,16.5,32,0
2015-03-04,12.7,30.4,0
2015-03-05,15.1,23.4,0
2015-03-06,11.2,22.3,0
2015-03-07,10,25.2,0
2015-03-08,11.3,30.3,0
2015-03-09,10.9,29.5,0
2015-03-10,12.6,30,0
2015-03-11,9.3,31.7,0
2015-03-12,11.8,28.9,0
2015-03-13,14.5,27.6,0
2015-03-14,10.2,29,0
2015-03-15,12.7,28.3,0
2015-03-16,10,27.9,0
2015-03-17,14.5,29.6,0
2015-03-18,16.6,28.3,2.8
2015-03-19,12.7,33.6,0
2015-03-20,16.6,26.8,0
2015-03-21,13.2,27.3,0
2015-03-22,10.8,30.7,0
2015-03-23,16.4,31.9,0
2015-03-24,14.5,25.1,0.4
2015-03-25,7.9,24.6,0
2015-03-26,7.8,19.4,0
2015-03-27,10.3,20.9,0
2015-03-28,5.5,23.9,0
2015-03-29,5.8,25.8,0
2015-03-30,8.6,28.2,0
2015-03-31,9,29.4,0
2015-04-01,10.4,29.1,0
2015-04-02,15.1,26.4,0
2015-04-03,8.7,26.8,0
2015-04-04,11.5,23.8,0
2015-04-05,15.5,24.3,0.6
2015-04-06,10.8,21.1,0
2015-04-07,11.8,19.9,8.8
2015-04-08,10.9,22.3,4
2015-04-09,7.3,22.1,0
2015-04-10,7.6,24.2,0
2015-04-11,8.2,23.7,0
2015-04-12,11.8,26.5,0
2015-04-13,8.3,25.5,0
2015-04-14,10.3,21.8,0
2015-04-15,12.7,24.2,3
2015-04-16,10.7,26.6,1.4
2015-04-17,15.1,17.7,0.2
2015-04-18,15.2,19.9,35.8
2015-04-19,9.9,17.4,15.8
2015-04-20,6.9,18.2,0.2
2015-04-21,10.4,19.4,0
2015-04-22,5.9,23.1,0
2015-04-23,12.7,24,0.2
2015-04-24,15.2,20,3.6
2015-04-25,10,16,7
2015-04-26,7.1,19.7,2.6
2015-04-27,5.8,17.8,0.2
2015-04-28,3.6,18.5,0
2015-04-29,4.4,19.6,0
2015-04-30,4.7,20.9,0
2015-05-01,6.4,22.5,0
2015-05-02,7.7,20.7,0
2015-05-03,7.5,23.7,0
2015-05-04,5,22.3,0
2015-05-05,5.5,20.5,0
2015-05-06,2.7,15.5,0
2015-05-07,6.7,14.7,0.2
2015-05-08,6.1,13.8,0
2015-05-09,9.9,15.4,0.8
2015-05-10,10.4,14.3,2.8
2015-05-11,9.9,18,9.2
2015-05-12,11.2,17.2,0.8
2015-05-13,4.5,13.5,0.6
2015-05-14,2.6,15.8,0
2015-05-15,2.3,17.8,0
2015-05-16,3.2,18.9,0
2015-05-17,2.4,18,0.2
2015-05-18,2.3,19.2,0
2015-05-19,6.7,17.4,3.4
2015-05-20,10.3,17.6,12.8
2015-05-21,6.1,15,0
2015-05-22,8,16.9,0
2015-05-23,1.4,16.6,0
2015-05-24,-0.2,13.9,0
2015-05-25,2.6,15.2,0
2015-05-26,2,13.8,0
2015-05-27,5.7,14.7,0.2
2015-05-28,7.4,18.7,3.2
2015-05-29,9.1,15.8,11.2
2015-05-30,5,15.4,0
2015-05-31,8.4,14.5,0
2015-06-01,3.8,11.5,2.4
2015-06-02,-1.4,12.5,0
2015-06-03,-1.2,12.6,0
2015-06-04,-1.2,9.9,0.2
2015-06-05,2.6,13.3,6.4
2015-06-06,0.8,13.2,0.2
2015-06-07,2.3,10.9,0
2015-06-08,1,16.7,0.2
2015-06-09,4.3,15,0
2015-06-10,-1,13.4,0
2015-06-11,0.7,15.2,0
2015-06-12,-0.8,15.2,0.2
2015-06-13,0.3,15.3,0
2015-06-14,2.4,15.7,0
2015-06-15,1.8,14,0.2
2015-06-16,5.9,14.4,14.6
2015-06-17,11.3,12.6,11.6
2015-06-18,9.9,11.1,22.4
2015-06-19,5.8,13.7,16.4
2015-06-20,-0.9,12.2,0.2
2015-06-21,-1.5,12.1,0
2015-06-22,-1.2,11.3,0
2015-06-23,1.4,16.8,0
2015-06-24,7,14,7.2
2015-06-25,8.2,13.4,1
2015-06-26,1.8,14.3,0.2
2015-06-27,2.3,13.2,0
2015-06-28,5.6,12.4,0.2
2015-06-29,0.4,15,0
2015-06-30,1,8.6,0
2015-07-01,2.9,10.6,0
2015-07-02,4.6,12.1,0.8
2015-07-03,-2.1,11,0.8
2015-07-04,1.1,11.6,0
2015-07-05,0.7,11.8,0
2015-07-06,3.6,10,0
2015-07-07,4.8,14.8,0
2015-07-08,0.1,14.8,0
2015-07-09,-0.5,13.2,0
2015-07-10,3.3,14.2,1.8
2015-07-11,8,13.9,2.4
2015-07-12,5.1,11.3,5.4
2015-07-13,5.9,13.7,2.8
2015-07-14,5,9.1,0
2015-07-15,4.4,6.8,10
2015-07-16,2.9,11.9,4.4
2015-07-17,-1.4,11.5,0.2
2015-07-18,-1.6,12.4,0
2015-07-19,-1.5,13,0
2015-07-20,-1.6,13.7,0
2015-07-21,-0.3,15.9,0
2015-07-22,4.5,13.5,3
2015-07-23,7.5,16.9,2.8
2015-07-24,2.2,12.8,0.2
2015-07-25,6.5,13.6,5.8
2015-07-26,8.2,11.8,3
2015-07-27,0.7,9.5,0
2015-07-28,1.4,13.8,0
2015-07-29,1,12.2,0
2015-07-30,3.3,12.5,0
2015-07-31,7.2,13.8,0.2
2015-08-01,3.8,10.3,1.2
2015-08-02,7.2,11.9,27.2
2015-08-03,7.5,11.7,2.6
2015-08-04,-2.4,8.6,1.4
2015-08-05,2.2,11.5,4.2
2015-08-06,2,10.9,1.4
2015-08-07,5,12.6,1.4
2015-08-08,1.3,14,0
2015-08-09,0.8,11,0
2015-08-10,3.8,15.1,0
2015-08-11,3,14.2,1.8
2015-08-12,1.8,9,0
2015-08-13,1.7,12.3,5.4
2015-08-14,4.2,12.8,0
2015-08-15,2.1,17,0
2015-08-16,1.7,15.9,0.2
2015-08-17,5.5,14.2,0
2015-08-18,-0.9,12.7,0
2015-08-19,-0.1,13,0
2015-08-20,0.4,16.8,0.2
2015-08-21,2,16.4,0
2015-08-22,7.9,20.7,1.4
2015-08-23,8.9,17.7,0.8
2015-08-24,7.5,13.5,0
2015-08-25,8.8,11.7,15.2
2015-08-26,5.8,15,15.2
2015-08-27,9.8,15.8,10.6
2015-08-28,4.2,16.2,0
2015-08-29,1.2,13.7,0
2015-08-30,1.5,15.5,0.2
2015-08-31,2.2,15,0
2015-09-01,1.1,14.9,0
2015-09-02,1.9,17.6,0
2015-09-03,7.5,17.9,23
2015-09-04,3.4,17.5,1.2
2015-09-05,3.2,17.6,0
2015-09-06,5.2,16.4,0
2015-09-07,8.2,13.6,1.6
2015-09-08,6.1,14.9,1
2015-09-09,0.7,17.5,0.2
2015-09-10,4.9,19,0.2
2015-09-11,3.9,19.4,0
2015-09-12,6,21.1,0
2015-09-13,6.6,23.2,0
2015-09-14,7.3,24.1,0
2015-09-15,13.3,18,0
2015-09-16,2.5,16.7,0
2015-09-17,3.7,17.9,0
2015-09-18,3.6,19.2,0
2015-09-19,6.1,20.4,0
2015-09-20,5.6,21.5,0
2015-09-21,6.4,20.9,0
2015-09-22,6.2,16.3,0.2
2015-09-23,-0.2,14.9,0
2015-09-24,1.7,16.9,0
2015-09-25,2.9,19,0
2015-09-26,4.5,20.1,0
2015-09-27,4.3,21.3,0
2015-09-28,4.8,22.6,0
2015-09-29,6.8,20.1,0
2015-09-30,3.1,19.7,0
2015-10-01,3.7,21.1,0
2015-10-02,4.8,24.6,0
2015-10-03,6.9,27.1,0
2015-10-04,9.6,29.4,0
2015-10-05,10.1,31,0
2015-10-06,10,34.1,0
2015-10-07,12,24.3,0
2015-10-08,10.2,23.1,0
2015-10-09,10.3,27.8,0
2015-10-10,13.2,29.7,0
2015-10-11,15.4,22.1,0.4
2015-10-12,10.7,24.4,1.8
2015-10-13,8.7,24.2,0
2015-10-14,10,27.1,0.4
2015-10-15,10.5,32.4,0
2015-10-16,13.1,29.6,0
2015-10-17,16,29,0
2015-10-18,8.6,27.5,0
2015-10-19,8.3,29.2,0
2015-10-20,11.3,31.8,0
2015-10-21,16.6,24.7,1.6
2015-10-22,13.3,25.2,0.8
2015-10-23,14.1,24.6,0.2
2015-10-24,10.3,26.6,0
2015-10-25,10,30.5,0
2015-10-26,17.4,25.9,0
2015-10-27,13.6,25.3,0
2015-10-28,6.2,25.5,0
2015-10-29,9.3,27.9,0
2015-10-30,9.7,28.1,0
2015-10-31,17.1,21.7,5.4
2015-11-01,15,27.3,15.2
2015-11-02,15.9,27.1,22.8
2015-11-03,12.3,26.8,0.2
2015-11-04,14.7,28.7,0
2015-11-05,16.6,21.6,6.6
2015-11-06,15.2,25.1,4.2
2015-11-07,12.1,23.4,1.8
2015-11-08,9.2,25.7,0
2015-11-09,12,29.6,0
2015-11-10,15.8,32.3,0
2015-11-11,17.8,28.3,0
2015-11-12,17.9,28.2,10.6
2015-11-13,15.9,27.5,4.8
2015-11-14,13.8,26.2,0
2015-11-15,12.4,25.9,0
2015-11-16,11.6,26.7,0
2015-11-17,12.3,31,0
2015-11-18,13.3,33.5,0
2015-11-19,18.1,37.2,0
2015-11-20,17.8,34.3,0
2015-11-21,12.4,26.6,0
2015-11-22,9.6,28.3,0
2015-11-23,9.9,26.7,0
2015-11-24,10.2,28.7,0
2015-11-25,10,33.8,0
2015-11-26,17.9,21.3,0
2015-11-27,5.7,21.8,0
2015-11-28,8.1,28.3,0
2015-11-29,12.2,27,0
2015-11-30,10,31.6,0
2015-12-01,17.7,30.1,0
2015-12-02,9.9,22.5,0.2
2015-12-03,9.6,29.3,0
2015-12-04,13.4,32,0
2015-12-05,14.4,34.1,0
2015-12-06,17.9,36.5,0
2015-12-07,21.6,33.6,0
2015-12-08,21.1,30.7,0.8
2015-12-09,19.7,30.7,10.2
2015-12-10,14.2,31.5,0
2015-12-11,15.3,27,0
2015-12-12,8.9,24.6,0
2015-12-13,9.4,27.9,0
2015-12-14,11.3,34.8,0
2015-12-15,15.6,33.2,0
2015-12-16,15.5,34.3,0
2015-12-17,16.7,34.1,0
2015-12-18,16.5,37.1,0
2015-12-19,20.8,40,0
2015-12-20,19.7,41.5,0
2015-12-21,18,25.3,10
2015-12-22,17,30.3,0
2015-12-23,17.7,30,0
2015-12-24,15.3,31.6,0
2015-12-25,17.7,32,0
2015-12-26,18.8,23.1,3.2
2015-12-27,10.2,25,9.8
2015-12-28,12.8,28.2,0
2015-12-29,13.2,32.3,0
2015-12-30,15.7,34.3,0
2015-12-31,17.3,36.6,0
2016-01-01,20.4,37.6,0
2016-01-02,20.9,33.6,0.4
2016-01-03,18.4,23.1,2.2
2016-01-04,17.3,23.7,15.6
2016-01-05,15.5,22.9,6.8
2016-01-06,17,28.1,0.2
2016-01-07,16.4,28,0
2016-01-08,14.3,31.7,0
2016-01-09,16.7,35,0
2016-01-10,17.8,37,0
2016-01-11,17.7,39.2,0
2016-01-12,20.6,38.9,0
2016-01-13,20.2,43,0
2016-01-14,26.8,30.2,0
2016-01-15,10.4,25.2,0
2016-01-16,10.7,29.4,0
2016-01-17,14.5,30.6,0
2016-01-18,14.4,33.5,0
2016-01-19,16.1,40,0
2016-01-20,23.4,33.9,0
2016-01-21,20.4,38,0
2016-01-22,22.8,28.1,0
2016-01-23,17,31.3,12.6
2016-01-24,16.6,33.2,0
2016-01-25,18.1,32.8,0
2016-01-26,18.7,34.2,0
2016-01-27,18.5,25.7,19.4
2016-01-28,17.7,31.7,4.2
2016-01-29,17.1,24.2,0
2016-01-30,10,28.1,0
2016-01-31,13.8,24.2,7
2016-02-01,13,26.1,28.6
2016-02-02,14.4,29.7,0.2
2016-02-03,19.8,25.8,0
2016-02-04,16.5,29.8,0.4
2016-02-05,14.2,29.9,0
2016-02-06,14.6,30.3,0
2016-02-07,15.2,32.8,0
2016-02-08,18,35.2,0
2016-02-09,18.8,35,0
2016-02-10,15.7,35,0
2016-02-11,17.3,35.2,0
2016-02-12,17.3,34.9,0
2016-02-13,16.9,37.7,0
2016-02-14,22.3,30.3,0
2016-02-15,13.8,28.9,0
2016-02-16,15.2,26.3,0
2016-02-17,10.5,26.7,0
2016-02-18,12.7,30.5,0
2016-02-19,13.9,32.9,0
2016-02-20,15.2,31.2,0
2016-02-21,13.6,34.4,0
2016-02-22,15.2,35.4,0
2016-02-23,20.1,39.5,0
2016-02-24,22.5,40.9,0
2016-02-25,22.4,36.4,0
2016-02-26,14.9,31.2,0.2
2016-02-27,14.7,33.1,0
2016-02-28,16.2,33.4,0
2016-02-29,15.4,32.3,0
2016-03-01,14.7,35.1,0
2016-03-02,16.8,37.2,0
2016-03-03,16.7,35,0
2016-03-04,15.9,37,0
2016-03-05,20.3,38.5,0
2016-03-06,20.5,37.1,0
2016-03-07,17.4,38.5,0.2
2016-03-08,20.1,38.3,0
2016-03-09,18.7,38.3,0
2016-03-10,24.6,36.8,0
2016-03-11,20,32.3,0.6
2016-03-12,20,34,6.6
2016-03-13,19.4,35.2,0.2
2016-03-14,18,35.1,0
2016-03-15,20.4,31.8,0
2016-03-16,19.2,30.8,0
2016-03-17,16,31.1,0.4
2016-03-18,19.8,21.1,10.4
2016-03-19,9.5,21.1,10.4
2016-03-20,12.7,24.2,0
2016-03-21,12.4,25.2,0
2016-03-22,11,26.5,0
2016-03-23,10,27.1,0
2016-03-24,14.2,25.1,0
2016-03-25,15.5,28.4,0.2
2016-03-26,8.9,26.4,0
2016-03-27,10,27.4,0
2016-03-28,11.7,27.8,0
2016-03-29,13.8,26.2,0
2016-03-30,11.8,20.4,0.8
2016-03-31,9.5,25.5,0
2016-04-01,9.2,27,0
2016-04-02,8.6,30,0
2016-04-03,7.6,26.5,0
2016-04-04,9.7,28.8,0
2016-04-05,10.5,31.8,0
2016-04-06,7.9,26.4,0
2016-04-07,5.3,22.5,0
2016-04-08,11.4,19.7,0
2016-04-09,4.8,23.1,0.4
2016-04-10,6.1,24,0
2016-04-11,8.7,24.9,0
2016-04-12,8.4,24.7,0
2016-04-13,8.9,27.2,0
2016-04-14,10,28.7,0
2016-04-15,11,27.6,0
2016-04-16,12.9,28.5,0
2016-04-17,11.7,25.4,0
2016-04-18,10.6,25.7,3.8
2016-04-19,9.5,26.1,0
2016-04-20,8.8,27,0
2016-04-21,9.8,22.4,0
2016-04-22,12.8,23.6,3.6
2016-04-23,9.4,22.7,0
2016-04-24,7.1,24.9,0
2016-04-25,6.7,24.3,0
2016-04-26,6.1,25.4,0
2016-04-27,6.4,26.6,0
2016-04-28,11.7,28.5,0
2016-04-29,12.1,26.9,0
2016-04-30,16.8,23.4,8.6
2016-05-01,13.2,20,4
2016-05-02,3.8,16.9,0
2016-05-03,6.6,22.2,0
2016-05-04,11,17.5,2.4
2016-05-05,10.5,20.3,0
2016-05-06,6.7,25.2,0
2016-05-07,7.9,24,0
2016-05-08,13.9,18.2,13.2
2016-05-09,14.7,18.3,46
2016-05-10,13.4,17.3,13.4
2016-05-11,9.3,15.8,2.2
2016-05-12,10.8,17.2,2
2016-05-13,13.6,20.2,0.2
2016-05-14,8.7,20.3,0
2016-05-15,9.5,22.1,0
2016-05-16,6.3,20.4,0
2016-05-17,9.1,18.3,4.8
2016-05-18,8,17.3,0
2016-05-19,8.3,17.3,0
2016-05-20,12.1,18.5,0
2016-05-21,4.7,17.9,0
2016-05-22,5.3,21.8,0
2016-05-23,10.4,15.8,3
2016-05-24,8.2,16.2,0
2016-05-25,2.5,14.8,0
2016-05-26,6.9,14.1,15.2
2016-05-27,4.8,14,1.2
2016-05-28,3.8,14.4,0
2016-05-29,0.5,14.1,0.2
2016-05-30,3.6,14.1,0
2016-05-31,1.8,15.9,0
2016-06-01,3.2,17.3,0
2016-06-02,3.3,18.1,0
2016-06-03,4.7,13.6,0
2016-06-04,9.8,14.9,11.6
2016-06-05,10.8,14.6,11.6
2016-06-06,7.2,12.3,1.2
2016-06-07,9,12.6,3.6
2016-06-08,9.8,14.6,1.8
2016-06-09,11.4,15.7,7.2
2016-06-10,10.5,13.8,3
2016-06-11,9.6,13,1.2
2016-06-12,0.4,12.7,0
2016-06-13,-0.6,13.8,0.2
2016-06-14,0.9,15.2,0
2016-06-15,0.9,11.4,0.2
2016-06-16,0,12.9,0
2016-06-17,4.1,15.9,7.6
2016-06-18,9,17.6,0.2
2016-06-19,8.1,14.3,0.2
2016-06-20,10,16.6,14.4
2016-06-21,8.8,11.6,1.4
2016-06-22,9.1,13.7,12.6
2016-06-23,9,13.2,0.2
2016-06-24,6.6,8.2,4
2016-06-25,-0.8,10.5,2.6
2016-06-26,-1.3,7.5,0
2016-06-27,2.1,10.6,0.2
2016-06-28,2.5,11.8,0.2
2016-06-29,6.2,13.5,0.8
2016-06-30,3,11.2,0
2016-07-01,5.2,11.4,11.4
2016-07-02,7.2,12.5,0.4
2016-07-03,7.9,12.7,0.2
2016-07-04,8.2,11.7,0.2
2016-07-05,6.7,10.6,1
2016-07-06,7.2,15.4,7.6
2016-07-07,4,16.5,0
2016-07-08,6.5,11.8,0.2
2016-07-09,7,15.8,2
2016-07-10,6.2,14,0
2016-07-11,9.1,16.2,16.6
2016-07-12,8.6,12.9,0.4
2016-07-13,3.6,9.5,9.6
2016-07-14,-0.3,10.8,0.2
2016-07-15,4.4,12.8,0
2016-07-16,-0.4,14,0.2
2016-07-17,0.4,16.5,0
2016-07-18,2.1,13.4,0
2016-07-19,7.3,15.2,5
2016-07-20,8.5,17.3,0
2016-07-21,6.2,16.8,0.4
2016-07-22,9.9,18.2,6.8
2016-07-23,7.1,10.8,24.2
2016-07-24,-0.2,10.1,0.6
2016-07-25,4.7,11.5,12
2016-07-26,4.5,11.3,4
2016-07-27,6.9,12.6,10.6
2016-07-28,5.9,10.8,0
2016-07-29,7.7,12.2,0.8
2016-07-30,8.3,12.1,0.2
2016-07-31,8,14.3,2.2
2016-08-01,9.6,11.8,3.8
2016-08-02,8.3,13.7,21
2016-08-03,-0.2,15.4,0
2016-08-04,1.4,15.1,0.2
2016-08-05,0.5,15.3,0
2016-08-06,1.2,13,0
2016-08-07,0.7,15.6,0.2
2016-08-08,1.4,15.1,0
2016-08-09,1.8,17.2,0
2016-08-10,7.4,15,2.6
2016-08-11,4.7,13.4,0.2
2016-08-12,0.7,11.6,0
2016-08-13,4.7,15.4,0.6
2016-08-14,4.7,16.6,0.2
2016-08-15,2.2,16.8,0
2016-08-16,1.7,18.5,0
2016-08-17,6,18,0
2016-08-18,4,19.6,0
2016-08-19,9.3,16.4,0
2016-08-20,5.3,12,11
2016-08-21,5.4,15.4,1
2016-08-22,8.4,13.9,0.2
2016-08-23,4.2,15.7,11
2016-08-24,2.6,12.2,0
2016-08-25,3.3,14.1,0.2
2016-08-26,0.2,13.6,0
2016-08-27,0.7,13.5,0.2
2016-08-28,2.1,16.9,0
2016-08-29,3.4,18.2,0
2016-08-30,7.8,15.3,0
2016-08-31,10.6,18.4,22
2016-09-01,8.5,16.7,0.4
2016-09-02,6.1,13.9,0.2
2016-09-03,9.6,16.6,33.6
2016-09-04,7.7,15.1,0.6
2016-09-05,4.4,15.9,0
2016-09-06,4.4,18.1,0
2016-09-07,5.5,20.5,0
2016-09-08,8.1,20.3,0
2016-09-09,12.6,17.8,4
2016-09-10,11.2,17.7,17
2016-09-11,3.7,14.9,0.2
2016-09-12,5.1,17.8,0
2016-09-13,6.9,19.7,0
2016-09-14,12.4,16.2,8.6
2016-09-15,8.3,13.6,10.8
2016-09-16,9.4,16.1,0.4
2016-09-17,4.4,18.2,0.6
2016-09-18,7.1,13.8,1.2
2016-09-19,7.4,15.9,7.4
2016-09-20,5.3,14.9,0
2016-09-21,9.8,16.2,12.8
2016-09-22,9.3,18.8,0
2016-09-23,4.9,20.5,0
2016-09-24,8.3,20.5,0
2016-09-25,11,17.5,3
2016-09-26,4.8,15.9,0
2016-09-27,7.1,15.2,2.8
2016-09-28,5.3,17.9,1.8
2016-09-29,11.1,14.8,20.6
2016-09-30,8.4,13.7,16.2
2016-10-01,9.2,14.9,9
2016-10-02,5.9,21.7,0.8
2016-10-03,10.8,15.1,12.4
2016-10-04,8.3,15,8.6
2016-10-05,3.5,15.7,7.8
2016-10-06,7,21.6,0
2016-10-07,9,23.8,0
2016-10-08,11.8,22.1,0
2016-10-09,8.3,20.9,0
2016-10-10,9.6,14.8,6.6
2016-10-11,5.7,14.8,0.6
2016-10-12,5.3,16.7,0.2
2016-10-13,6.9,18.5,0.2
2016-10-14,4.2,20.7,0
2016-10-15,5.7,22.4,0
2016-10-16,11.8,24.9,0
2016-10-17,9.7,17.6,9.6
2016-10-18,10.1,16.4,0.8
2016-10-19,4.7,16.2,2.6
2016-10-20,3.6,19.4,0.2
2016-10-21,7.4,23.7,0
2016-10-22,6.4,16.2,1
2016-10-23,3.3,17.6,0
2016-10-24,3.6,19,0
2016-10-25,5.3,22.9,0
2016-10-26,12.7,24.6,0
2016-10-27,8.2,22.2,0
2016-10-28,7.5,23.3,0
2016-10-29,9.3,25.7,0
2016-10-30,14.7,24.3,0
2016-10-31,5.1,17,1
2016-11-01,7.1,18.6,0
2016-11-02,7.6,19.7,0
2016-11-03,6.9,23,0
2016-11-04,7.6,28.2,0
2016-11-05,9.6,18.4,0
2016-11-06,7.9,20.9,0
2016-11-07,8.8,29.4,0
2016-11-08,11.6,24.9,0
2016-11-09,9.7,25.9,0
2016-11-10,9.9,24.4,0
2016-11-11,7.7,26.9,0
2016-11-12,14.1,27.1,8
2016-11-13,11.7,16,1.8
2016-11-14,11.3,20.9,18.8
2016-11-15,6.9,22.9,0.8
2016-11-16,8.9,26.3,0
2016-11-17,11,29.3,0
2016-11-18,14,29.9,0
2016-11-19,14.8,31.5,0
2016-11-20,14.6,32,0
2016-11-21,19.2,36.2,0.8
2016-11-22,21.6,26.6,0
2016-11-23,14.3,21.6,19.2
2016-11-24,5.9,21.6,0.2
2016-11-25,8.2,22,0
2016-11-26,7.3,24.5,0
2016-11-27,9.3,28.1,0
2016-11-28,11.4,29.2,0
2016-11-29,10.8,29.4,0
2016-11-30,12.9,32.2,0
2016-12-01,13.7,30.2,0
2016-12-02,12.8,30.8,0
2016-12-03,13.8,31.2,0
2016-12-04,12.8,32.8,0
2016-12-05,19.3,32.8,0
2016-12-06,19.8,26.1,0
2016-12-07,10,29.6,0
2016-12-08,11.5,29.7,0
2016-12-09,9.9,21,1
2016-12-10,7.5,26.9,0
2016-12-11,10.7,29.8,0
2016-12-12,11.7,33,0
2016-12-13,13.4,37.2,0
2016-12-14,20.4,26.9,0.4
2016-12-15,13.8,29.8,0
2016-12-16,16,22.7,5.2
2016-12-17,17.3,28.5,0
2016-12-18,9,26.3,0
2016-12-19,10.3,29.5,0
2016-12-20,13.1,29.6,0
2016-12-21,9.7,28.3,1.2
2016-12-22,14.1,31.4,0
2016-12-23,15.4,35.3,0
2016-12-24,17.5,34,0
2016-12-25,15.9,35.6,1.6
2016-12-26,17.6,36.5,0
2016-12-27,20.9,31.5,2
2016-12-28,21.9,35.6,0
2016-12-29,22,27.7,3.8
2016-12-30,22.8,32.1,3.2
2016-12-31,15.9,33.1,4.4
2017-01-01,15.5,31.6,0
2017-01-02,14.9,32,0
2017-01-03,13.7,32,0
2017-01-04,16.2,33,0
2017-01-05,18,33.5,0
2017-01-06,17.1,35.4,0
2017-01-07,17.9,35.4,0
2017-01-08,19.1,36,0
2017-01-09,21.3,30.7,0
2017-01-10,19.8,31,10.6
2017-01-11,20.1,34.2,0
2017-01-12,14.5,35,0
2017-01-13,16.7,32,0
2017-01-14,16.9,25.4,14.2
2017-01-15,11.5,31.6,0
2017-01-16,13.3,34.8,0
2017-01-17,16,40.9,0
2017-01-18,16.7,30.4,0
2017-01-19,14.9,33.3,0
2017-01-20,18.6,28.1,18
2017-01-21,11.4,30.1,2.6
2017-01-22,14.6,32.9,0
2017-01-23,19.2,39.3,0
2017-01-24,23.2,32.6,0
2017-01-25,16.3,32.4,0
2017-01-26,15.8,34.2,0
2017-01-27,17.4,35.9,0
2017-01-28,17.5,36.9,0
2017-01-29,16.8,38.5,0
2017-01-30,16.4,42.5,0
2017-01-31,23.5,32.1,0
2017-02-01,15.7,27.8,0
2017-02-02,11.9,28.1,0
2017-02-03,12,33.6,0
2017-02-04,14.5,34.3,0
2017-02-05,18.9,32.6,0
2017-02-06,20.9,23.8,3.4
2017-02-07,18.9,33.1,5.2
2017-02-08,20,35.8,0
2017-02-09,20.5,40.3,0
2017-02-10,23,43.7,0
2017-02-11,23.9,40.7,0
2017-02-12,20,21.2,1.4
2017-02-13,10,25.6,1
2017-02-14,11.5,28.6,0
2017-02-15,11.9,32.9,0
2017-02-16,13.4,37.8,0
2017-02-17,17.5,32,0
2017-02-18,13.9,25.1,1
2017-02-19,7.6,22.4,0
2017-02-20,7.5,22.1,NA
2017-02-21,8.4,27.1,0
2017-02-22,10.6,34.7,0
2017-02-23,14.5,35.9,0
2017-02-24,15.1,33.6,0
2017-02-25,15.4,30.3,0
2017-02-26,14.7,30.9,0
2017-02-27,14.1,32.2,0
2017-02-28,15.3,33.6,0
2017-03-01,16.7,34.3,0
2017-03-02,17.7,34.5,0
2017-03-03,18.5,32.1,0
2017-03-04,18.9,31.2,0
2017-03-05,19.2,32.4,0
2017-03-06,15.4,29.9,0
2017-03-07,16.8,29.9,0
2017-03-08,12.4,29.5,0
2017-03-09,11.9,30.3,0
2017-03-10,11,32.7,0
2017-03-11,14.3,32.5,0
2017-03-12,18.6,36,0
2017-03-13,16,30.9,NA
2017-03-14,15.4,33.9,0
2017-03-15,16.7,33.8,0
2017-03-16,20.9,31.5,0
2017-03-17,19.3,31.2,0
2017-03-18,13.6,32.6,0
2017-03-19,15.3,34.9,0
2017-03-20,20,33.1,0
2017-03-21,20.1,25.2,NA
2017-03-22,19.6,26.6,NA
2017-03-23,19.4,23.7,NA
2017-03-24,14.2,27.8,0
2017-03-25,17.6,24.4,0
2017-03-26,15.6,30.3,0.2
2017-03-27,17.5,34.7,0
2017-03-28,12.3,26,3.2
2017-03-29,10.5,28,0.2
2017-03-30,11.7,21.3,0
2017-03-31,6.5,21.4,0
2017-04-01,6,22.1,0
2017-04-02,7.6,22.8,0
2017-04-03,12.1,23.9,0
2017-04-04,8.6,23.9,0
2017-04-05,9.1,24.2,0
2017-04-06,9.3,24.8,0
2017-04-07,8.7,25.4,0
2017-04-08,9.1,24.2,0
2017-04-09,14.1,19.9,1.8
2017-04-10,7.8,17.4,10.8
2017-04-11,5.9,21.3,0.2
2017-04-12,8.1,23.9,0
2017-04-13,8.4,24.1,0
2017-04-14,7.8,24.2,0
2017-04-15,5.7,21.2,0
2017-04-16,6.4,21.4,0
2017-04-17,8.6,24.8,0
2017-04-18,11,26.9,0
2017-04-19,9.6,24.6,0
2017-04-20,9.7,26.3,0
2017-04-21,14.5,17.6,1
2017-04-22,14.8,19.7,17.2
2017-04-23,11.2,23.8,0.6
2017-04-24,11,23.3,0
2017-04-25,15.4,20.4,9.6
2017-04-26,10,15.7,31.2
2017-04-27,2.4,16.7,0.2
2017-04-28,3.5,17.3,0
2017-04-29,6.3,19.8,0
2017-04-30,6.8,19.9,0
2017-05-01,7.1,19.1,0
2017-05-02,9.7,16.4,0
2017-05-03,2.4,17.9,0
2017-05-04,3.5,18.8,0
2017-05-05,4.5,18.7,0
2017-05-06,6.9,21.1,0
2017-05-07,4.1,16.1,0
2017-05-08,1.7,16.8,0
2017-05-09,2.7,18.1,0
2017-05-10,3.1,19.8,0
2017-05-11,3.9,19.9,0
2017-05-12,4.2,16.4,0
2017-05-13,4.6,19.4,0
2017-05-14,7.7,18.2,0
2017-05-15,4.7,19.6,0
2017-05-16,4,18.8,0
2017-05-17,4.4,17.6,0
2017-05-18,6.7,22.6,0
2017-05-19,9.8,15.3,0
2017-05-20,11.2,19.2,18.6
2017-05-21,6.8,18.4,0.2
2017-05-22,5.9,17.4,0.2
2017-05-23,4.4,19.6,0
2017-05-24,9.9,15.8,6.2
2017-05-25,4.2,14,0.2
2017-05-26,8.7,15.6,0
2017-05-27,6.1,17.6,0
2017-05-28,9,14.3,7
2017-05-29,2.8,12.4,7.4
2017-05-30,6,9.4,0.4
2017-05-31,-0.4,13.3,5.2
2017-06-01,-1.1,14.5,0
2017-06-02,-0.8,14.1,0.2
2017-06-03,-0.5,15.3,0
2017-06-04,-0.9,14.5,0
2017-06-05,1.2,12.5,0.2
2017-06-06,3.6,14.5,4.2
2017-06-07,-0.6,15.8,0
2017-06-08,0.7,15.6,0
2017-06-09,1.1,15.2,0
2017-06-10,1.9,16.7,0
2017-06-11,1.4,16.6,0
2017-06-12,1.9,15.1,0.2
2017-06-13,3.3,15.9,0.2
2017-06-14,1.6,15.3,0.2
2017-06-15,2.1,14.7,0
2017-06-16,3.2,12.9,0.2
2017-06-17,3.6,15.5,0
2017-06-18,1,17,0
2017-06-19,-0.2,14.7,0
2017-06-20,1.2,14.9,0.2
2017-06-21,1.2,15.2,0.4
2017-06-22,0.8,13.4,0
2017-06-23,1.1,11.9,0
2017-06-24,1.1,14.1,0.2
2017-06-25,3.9,10.9,0